Filename,Category,ExecutedLines
1114,Concurrency_prepared,"[1, 3, 3, 4, 10, 14, 19, 23, 24, 5, 6, 7, 8, 25, 11, 25, 12, 26, 15, 16, 26, 17, 27, 20, 21, 27]"
1114,Concurrency_prepared,"[1, 1, 2, 8, 12, 17, 21, 22, 3, 4, 5, 6, 24, 27, 30, 33, 34, 35, '(37', 39, 40, 42, 43, '44)']"
1114,Concurrency_prepared,"[1, 3, 3, 4, 10, 14, 19, 23, 24, 29, 5, 6, 7, 8, 30, 5, 6, 7, 8, 32, 33, '(35', 37, 39, '40)']"
1114,Concurrency_prepared,"[1, 3, 3, 4, 10, 14, 19, 23, 24, 5, 6, 7, 8, 26, 29, 32, 35, 36, 37, '(39', 41, 42, 44, 45, '46)']"
1114,Concurrency_prepared,"[1, 3, 3, 4, 10, 14, 19, 23, 24, 29, 5, 6, 7, 8, 30, 5, 6, 7, 8, 31, 5, 6, 7, 8, 33, 34, 35, '(37', 39, 40, 42, 43, '44)']"
1115,Concurrency_prepared,"[1, 1, 2, 7, 13, 19, 22, 25, 26, 27, 3, 4, 5, 28, 29, '(30', 32, 33, '34)']"
1115,Concurrency_prepared,"[1, 2, 4, 4, 5, 10, 16, 22, 25, 28, 29, 30, 6, 7, 8, 31, 32, '(33', 35, 36, '37)']"
1115,Concurrency_prepared,"[1, 2, 4, 4, 5, 10, 16, 22, 25, 28, 29, 30, 6, 7, 8, 31, 32, '(33', 35, 36, '37)']"
1115,Concurrency_prepared,"[1, 2, 4, 4, 5, 10, 16, 22, 25, 28, 29, 30, 6, 7, 8, 31, 32, '(33', 35, 36, '37)']"
1115,Concurrency_prepared,"[1, 2, 4, 4, 5, 10, 16, 22, 25, 28, 29, 30, 6, 7, 8, 31, 32, '(33', 35, 36, '37)']"
1116,Concurrency_prepared,"[1, 1, 2, 9, 15, 21, 27, 28, 31, 32, 3, 4, 5, 6, 35, 36, 37, '(39', 41, 42, 44, 45, '46)', 49]"
1116,Concurrency_prepared,"[1, 3, 3, 4, 11, 17, 23, 29, 30, 33, 34, 5, 6, 7, 8, 36, 37, 38, '(40', 42, 43, 45, 46, '47)']"
1116,Concurrency_prepared,"[1, 3, 3, 4, 11, 17, 23, 29, 30, 33, 34, 5, 6, 7, 8, 36, 37, 38, '(40', 42, 43, 45, 46, '47)']"
1116,Concurrency_prepared,"[1, 3, 3, 4, 11, 17, 23, 29, 30, 33, 34, 5, 6, 7, 8, 36, 37, 38, '(40', 42, 43, 45, 46, '47)']"
1116,Concurrency_prepared,"[1, 3, 3, 4, 11, 17, 23, 29, 30, 33, 34, 5, 6, 7, 8, '(35', 37, 38, '(40', 42, 43, 45, 46, '47)']"
1117,Concurrency_prepared,"[1, 1, 2, 6, 13, 20, 21, 24, 27, 3, 4, 29, 30, 31, 30, 31, 30, 32, 34, '(35', 34, '(35', 34, '(35', 34, 38, 39, 38, 39, 38, 39, '38)']"
1117,Concurrency_prepared,"[1, 1, 2, 6, 13, 20, 21, 24, 27, 3, 4, 29, 30, 31, 30, 31, 30, 31, 30, 31, 30, 32, 33, 32, 33, 32, 35, '(36', 35, '(36', 35, '(36', 35, '(36', 35, '(36', 35, '(36', 35, 39, 40, 39, 40, 39, 40, 39, 40, 39, 40, 39, 40, '39)']"
1117,Concurrency_prepared,"[1, 1, 2, 6, 13, 20, 21, 24, 27, 3, 4, 29, 30, 31, 30, 31, 30, 31, 30, 31, 30, 31, 30, 31, 30, 32, 33, 32, 33, 32, 33, 32, 35, '(36', 35, '(36', 35, '(36', 35, '(36', 35, '(36', 35, '(36', 35, '(36', 35, '(36', 35, '(36', 35, 39, 40, 39, 40, 39, 40, 39, 40, 39, 40, 39, 40, 39, 40, 39, 40, 39, 40, '39)']"
1117,Concurrency_prepared,"[1, 1, 2, 6, 13, 20, 21, 24, 27, 3, 4, 29, 30, 31, 30, 31, 30, 31, 30, 31, 30, 31, 30, 31, 30, 31, 30, 31, 30, 32, 33, 32, 33, 32, 33, 32, 33, 32, 35, '(36', 35, '(36', 35, '(36', 35, '(36', 35, '(36', 35, '(36', 35, '(36', 35, '(36', 35, '(36', 35, '(36', 35, '(36', 35, '(36', 35, 39, 40, 39, 40, 39, 40, 39, 40, 39, 40, 39, 40, 39, 40, 39, 40, 39, 40, 39, 40, 39, 40, 39, 40, '39)']"
1117,Concurrency_prepared,"[1, 1, 2, 6, 13, 20, 21, 24, 27, 3, 4, 30, 31, 33, 34, 37, 31, 33, 34, 37, 31, 33, 34, 37, 31, 40, 41, 40, 41, 40, 41, 40, 41, 40, 41, 40, 41, 40, 41, 40, 41, 40, 41, 40, 42, 43, 42, 43, 42, 43, 42, 43, 42, 43, 42, 43, 42, 43, 42, 43, 42, 43, 42]"
1188,Concurrency_prepared,"[1, 1, 2, 7, 12, 18, 21, 22, 3, 4, 5, 23, 8, 9, 10, 24, 19]"
1188,Concurrency_prepared,"[1, 1, 2, 7, 12, 18, 21, 22, 3, 4, 5, 24, 29, 32, 33, '(34', 36, 37, '38)']"
1188,Concurrency_prepared,"[1, 1, 2, 7, 12, 18, 21, 22, 3, 4, 5, 24, 28, 31, 32, '(33', 35, 36, '37)']"
1188,Concurrency_prepared,"[1, 1, 2, 7, 12, 18, 21, 22, 3, 4, 5, 24, 29, 35, 36, 37, '(39', 42, 43, 46, 47, '48)', 51]"
1188,Concurrency_prepared,"[1, 1, 2, 7, 12, 18, 21, 22, 3, 4, 5, 24, 28, 32, 33, '(34', 36, 37, '38)']"
1195,Concurrency_prepared,"[1, 1, 2, 10, 18, 26, 34, 48, 49, 52, 55, 58, 61, 62, 3, 4, 5, 6, 7, 65, 66, 67, 68, 64, 71, '(72', 71, '(72', 71, '(72', 71, '(72', 71, 74, 75, 74, 75, 74, 75, 74, 75, '74)']"
1195,Concurrency_prepared,"[1, 1, 2, 10, 18, 26, 34, 48, 49, 52, 55, 58, 61, 62, 3, 4, 5, 6, 7, 65, 66, 67, 68, 64, 71, '(72', 71, '(72', 71, '(72', 71, '(72', 71, 74, 75, 74, 75, 74, 75, 74, 75, '74)']"
1195,Concurrency_prepared,"[1, 1, 2, 10, 18, 26, 34, 48, 49, 52, 55, 58, 61, 62, 3, 4, 5, 6, 7, 65, 66, 67, 68, 64, 71, '(72', 71, '(72', 71, '(72', 71, '(72', 71, 74, 75, 74, 75, 74, 75, 74, 75, '74)']"
1195,Concurrency_prepared,"[1, 1, 2, 10, 18, 26, 34, 48, 49, 52, 55, 58, 61, 62, 3, 4, 5, 6, 7, 65, 66, 67, 68, 64, 71, 72, 71, 72, 71, 72, 71, 72, 71, 73, 74, 73, 74, 73, 74, 73, 74, 73]"
1195,Concurrency_prepared,"[1, 1, 2, 10, 18, 26, 34, 48, 49, 52, 55, 58, 61, 62, 3, 4, 5, 6, 7, 65, 66, 67, 68, 64, 71, '(72', 71, '(72', 71, '(72', 71, '(72', 71, 74, 75, 74, 75, 74, 75, 74, 75, '74)']"
1242,Concurrency_prepared,"[1, 1, 2, 52, 53, 53, 54, 57, 58, 3, 1, 1, 4, 5, 6, 7, 9, 26, '(27', 30, 31, 32, '(33', 35, 30, 31, 32, '(33', 35, 30, 31, 32, '(33', 35, 30, 31, 32, '(33', 35, 30, 31, 32, '(33', 35, 30, 31, 32, '(33', 35, 30, 31, 32, '(33', 35, 30, 31, 32, '(33', 35, 30, 31, 32, '(33', 35, 30, 31, 32, '(33', 35, 30, 38, 41, 42, 41, 42, 41, 42, 41, 42, 41, 42, 41, 42, 41, 42, 41, 42, 41, 42, 41, 42, 41, 45, 46, 45, 46, 45, 46, 45, 46, 45, 46, 45, 46, 45, 46, 45, 46, 45, 46, 45, 46, 45, '48)', '59)']"
1242,Concurrency_prepared,"[1, 1, 2, 50, 51, 51, 52, 55, 56, 3, 1, 4, 5, 6, 7, 9, 26, '(27', 30, 31, 32, '(33', 35, 30, 31, 32, '(33', 35, 30, 31, 32, '(33', 35, 30, 31, 32, '(33', 35, 30, 31, 32, '(33', 35, 30, 31, 32, '(33', 35, 30, 31, 32, '(33', 35, 30, 31, 32, '(33', 35, 30, 31, 32, '(33', 35, 30, 31, 32, '(33', 35, 30, 38, 41, 42, 41, 42, 41, 42, 41, 42, 41, 42, 41, 42, 41, 42, 41, 42, 41, 42, 41, 42, 41, 45, 46, 45, 46, 45, 46, 45, 46, 45, 46, 45, 46, 45, 46, 45, 46, 45, 46, 45, 46, 45, '48)', '57)']"
1242,Concurrency_prepared,"[1, 1, 2, 50, 51, 51, 52, 55, 56, 3, 1, 4, 5, 6, 7, 9, 26, '(27', 30, 31, 32, '(33', 35, 30, 31, 32, '(33', 35, 30, 31, 32, '(33', 35, 30, 31, 32, '(33', 35, 30, 31, 32, '(33', 35, 30, 31, 32, '(33', 35, 30, 31, 32, '(33', 35, 30, 31, 32, '(33', 35, 30, 31, 32, '(33', 35, 30, 31, 32, '(33', 35, 30, 38, 41, 42, 41, 42, 41, 42, 41, 42, 41, 42, 41, 42, 41, 42, 41, 42, 41, 42, 41, 42, 41, 45, 46, 45, 46, 45, 46, 45, 46, 45, 46, 45, 46, 45, 46, 45, 46, 45, 46, 45, 46, 45, '48)', '57)']"
1242,Concurrency_prepared,"[1, 1, 2, 50, 51, 51, 52, 55, 56, 3, 1, 4, 5, 6, 7, 9, 26, '(27', 30, 31, 32, '(33', 35, 30, 31, 32, '(33', 35, 30, 31, 32, '(33', 35, 30, 31, 32, '(33', 35, 30, 31, 32, '(33', 35, 30, 31, 32, '(33', 35, 30, 31, 32, '(33', 35, 30, 31, 32, '(33', 35, 30, 31, 32, '(33', 35, 30, 31, 32, '(33', 35, 30, 38, 41, 42, 41, 42, 41, 42, 41, 42, 41, 42, 41, 42, 41, 42, 41, 42, 41, 42, 41, 42, 41, 45, 46, 45, 46, 45, 46, 45, 46, 45, 46, 45, 46, 45, 46, 45, 46, 45, 46, 45, 46, 45, '48)', '57)']"
1242,Concurrency_prepared,"[1, 1, 2, 50, 51, 51, 52, 55, 56, 3, 1, 4, 5, 6, 7, 9, 26, '(27', 30, 31, 32, '(33', 35, 30, 31, 32, '(33', 35, 30, 31, 32, '(33', 35, 30, 31, 32, '(33', 35, 30, 31, 32, '(33', 35, 30, 31, 32, '(33', 35, 30, 31, 32, '(33', 35, 30, 31, 32, '(33', 35, 30, 31, 32, '(33', 35, 30, 31, 32, '(33', 35, 30, 38, 41, 42, 41, 42, 41, 42, 41, 42, 41, 42, 41, 42, 41, 42, 41, 42, 41, 42, 41, 42, 41, 45, 46, 45, 46, 45, 46, 45, 46, 45, 46, 45, 46, 45, 46, 45, 46, 45, 46, 45, 46, 45, '48)', '57)']"
1279,Concurrency_prepared,"[1, 1, 2, 5, 8, 5, 10, 5, 12, 5, 14, 5, 16, 5, 17, 5, 23, 24, 27, 30, 3, 31, 18, 21, 28]"
1279,Concurrency_prepared,"[1, 1, 2, 5, 8, 5, 10, 5, 12, 5, 14, 5, 16, 5, 17, 5, 23, 24, 27, 30, 3, 32, 33, '(35', 37, 39, '40)']"
1279,Concurrency_prepared,"[1, 1, 2, 5, 8, 5, 10, 5, 12, 5, 14, 5, 16, 5, 17, 5, 23, 24, 27, 30, 3, 32, 33, '(35', 37, 39, '40)']"
1279,Concurrency_prepared,"[1, 1, 2, 5, 8, 5, 10, 5, 12, 5, 14, 5, 16, 5, 17, 5, 23, 24, 27, 30, 3, 32, 33, 34, '(36', 38, 39, 41, 42, '43)']"
1279,Concurrency_prepared,"[1, 1, 2, 5, 8, 5, 10, 5, 12, 5, 14, 5, 16, 5, 17, 5, 23, 24, 27, 30, 3, 32, 33, 34, '(36', 38, 39, 41, 42, '43)']"
active-object,Concurrency_prepared,"[1, 2, 4, 4, 5, 6, 15, 27, 31, 32, 7, 8, 9, 10, 11, '(12', 33, 34, 35, 36, '37)']"
active-object,Concurrency_prepared,"[1, 2, 4, 4, 5, 6, 15, 27, 31, 33, 7, 8, 9, 10, 11, '(12', 34, 35, 36, 37, '38)']"
active-object,Concurrency_prepared,"[1, 2, 4, 4, 5, 6, 15, 27, 31, 32, 7, 8, 9, 10, 11, '(12', 33, 34, 35, 36, '37)']"
active-object,Concurrency_prepared,"[1, 2, 4, 4, 5, 6, 15, 27, 30, 32, 7, 8, 9, 10, 11, '(12', 33, 34, 36, 37, 38, 40, 41, '42)']"
active-object,Concurrency_prepared,"[1, 2, 4, 4, 5, 6, 15, 27, 31, 32, 7, 8, 9, 10, 11, '(12', 33, 34, 36, 37, 38, 40, 41, '42)']"
atomic-updates,Concurrency_prepared,"[1, 2, 3, 5, 5, 6, 12, 15, 22, 30, 40, 53, 59, 61, 7, 8, 8, 8, 8, 8, 8, 8, 10, 10, 10, 10, 10, 10, 10, 64, 67, 68, 71, 72, 75, 76, 78, 79, 80, 54, 24, 25, 26, 27, 26, 25, 26, 27, 26, 25, 26, 27, 26, 25, 26, 27, 26, 25, 26, 27, 26, 25, 28, 55, 56, 55, 56, 55, 56, 55, 56, 55, 56, 55, 57, 81, 82, 79, 80, 54, 24, 25, 26, 27, 26, 25, 26, 27, 26, 25, 26, 27, 26, 25, 26, 27, 26, 25, 26, 27, 26, 25, 28, 55, 56, 55, 56, 55, 56, 55, 56, 55, 56, 55, 57, 81, 82, 79, 80, 54, 24, 25, 26, 27, 26, 25, 26, 27, 26, 25, 26, 27, 26, 25, 26, 27, 26, 25, 26, 27, 26, 25, 28, 55, 56, 55, 56, 55, 56, 55, 56, 55, 56, 55, 57, 81, 82, 79, 80, 54, 24, 25, 26, 27, 26, 25, 26, 27, 26, 25, 26, 27, 26, 25, 26, 27, 26, 25, 26, 27, 26, 25, 28, 55, 56, 55, 56, 55, 56, 55, 56, 55, 56, 55, 57, 81, 82, 79, 80, 54, 24, 25, 26, 27, 26, 25, 26, 27, 26, 25, 26, 27, 26, 25, 26, 27, 26, 25, 26, 27, 26, 25, 28, 55, 56, 55, 56, 55, 56, 55, 56, 55, 56, 55, 57, 81, 82, 79, 80, 54, 24, 25, 26, 27, 26, 25, 26, 27, 26, 25, 26, 27, 26, 25, 26, 27, 26, 25, 26, 27, 26, 25, 28, 55, 56, 55, 56, 55, 56, 55, 56, 55, 56, 55, 57, 81, 82, 79, 80, 54, 24, 25, 26, 27, 26, 25, 26, 27, 26, 25, 26, 27, 26, 25, 26, 27, 26, 25, 26, 27, 26, 25, 28, 55, 56, 55, 56, 55, 56, 55, 56, 55, 56, 55, 57, 81, 82, 79, 80, 54, 24, 25, 26, 27, 26, 25, 26, 27, 26, 25, 26, 27, 26, 25, 26, 27, 26, 25, 26, 27, 26, 25, 28, 55, 56, 55, 56, 55, 56, 55, 56, 55, 56, 55, 57, 81, 82, 79, 80, 54, 24, 25, 26, 27, 26, 25, 26, 27, 26, 25, 26, 27, 26, 25, 26, 27, 26, 25, 26, 27, 26, 25, 28, 55, 56, 55, 56, 55, 56, 55, 56, 55, 56, 55, 57, 81, 82, 79, 80, 54, 24, 25, 26, 27, 26, 25, 26, 27, 26, 25, 26, 27, 26, 25, 26, 27, 26, 25, 26, 27, 26, 25, 28, 55, 56, 55, 56, 55, 56, 55, 56, 55, 56, 55, 57, 81, 82, 79, 83, 88, 89]"
atomic-updates,Concurrency_prepared,"[1, 2, 3, 5, 5, 6, 12, 15, 22, 30, 40, 53, 59, 61, 7, 8, 8, 8, 8, 8, 8, 8, 8, 8, 8, 8, 8, 10, 10, 10, 10, 10, 10, 10, 10, 10, 10, 10, 10, 64, 67, 68, 71, 72, 75, 76, 78, 79, 80, 54, 24, 25, 26, 27, 26, 25, 26, 27, 26, 25, 26, 27, 26, 25, 26, 27, 26, 25, 26, 27, 26, 25, 26, 27, 26, 25, 26, 27, 26, 25, 26, 27, 26, 25, 26, 27, 26, 25, 26, 27, 26, 25, 28, 55, 56, 55, 56, 55, 56, 55, 56, 55, 56, 55, 56, 55, 56, 55, 56, 55, 56, 55, 56, 55, 57, 81, 82, 79, 80, 54, 24, 25, 26, 27, 26, 25, 26, 27, 26, 25, 26, 27, 26, 25, 26, 27, 26, 25, 26, 27, 26, 25, 26, 27, 26, 25, 26, 27, 26, 25, 26, 27, 26, 25, 26, 27, 26, 25, 26, 27, 26, 25, 28, 55, 56, 55, 56, 55, 56, 55, 56, 55, 56, 55, 56, 55, 56, 55, 56, 55, 56, 55, 56, 55, 57, 81, 82, 79, 80, 54, 24, 25, 26, 27, 26, 25, 26, 27, 26, 25, 26, 27, 26, 25, 26, 27, 26, 25, 26, 27, 26, 25, 26, 27, 26, 25, 26, 27, 26, 25, 26, 27, 26, 25, 26, 27, 26, 25, 26, 27, 26, 25, 28, 55, 56, 55, 56, 55, 56, 55, 56, 55, 56, 55, 56, 55, 56, 55, 56, 55, 56, 55, 56, 55, 57, 81, 82, 79, 80, 54, 24, 25, 26, 27, 26, 25, 26, 27, 26, 25, 26, 27, 26, 25, 26, 27, 26, 25, 26, 27, 26, 25, 26, 27, 26, 25, 26, 27, 26, 25, 26, 27, 26, 25, 26, 27, 26, 25, 26, 27, 26, 25, 28, 55, 56, 55, 56, 55, 56, 55, 56, 55, 56, 55, 56, 55, 56, 55, 56, 55, 56, 55, 56, 55, 57, 81, 82, 79, 80, 54, 24, 25, 26, 27, 26, 25, 26, 27, 26, 25, 26, 27, 26, 25, 26, 27, 26, 25, 26, 27, 26, 25, 26, 27, 26, 25, 26, 27, 26, 25, 26, 27, 26, 25, 26, 27, 26, 25, 26, 27, 26, 25, 28, 55, 56, 55, 56, 55, 56, 55, 56, 55, 56, 55, 56, 55, 56, 55, 56, 55, 56, 55, 56, 55, 57, 81, 82, 79, 80, 54, 24, 25, 26, 27, 26, 25, 26, 27, 26, 25, 26, 27, 26, 25, 26, 27, 26, 25, 26, 27, 26, 25, 26, 27, 26, 25, 26, 27, 26, 25, 26, 27, 26, 25, 26, 27, 26, 25, 26, 27, 26, 25, 28, 55, 56, 55, 56, 55, 56, 55, 56, 55, 56, 55, 56, 55, 56, 55, 56, 55, 56, 55, 56, 55, 57, 81, 82, 79, 80, 54, 24, 25, 26, 27, 26, 25, 26, 27, 26, 25, 26, 27, 26, 25, 26, 27, 26, 25, 26, 27, 26, 25, 26, 27, 26, 25, 26, 27, 26, 25, 26, 27, 26, 25, 26, 27, 26, 25, 26, 27, 26, 25, 28, 55, 56, 55, 56, 55, 56, 55, 56, 55, 56, 55, 56, 55, 56, 55, 56, 55, 56, 55, 56, 55, 57, 81, 82, 79, 80, 54, 24, 25, 26, 27, 26, 25, 26, 27, 26, 25, 26, 27, 26, 25, 26, 27, 26, 25, 26, 27, 26, 25, 26, 27, 26, 25, 26, 27, 26, 25, 26, 27, 26, 25, 26, 27, 26, 25, 26, 27, 26, 25, 28, 55, 56, 55, 56, 55, 56, 55, 56, 55, 56, 55, 56, 55, 56, 55, 56, 55, 56, 55, 56, 55, 57, 81, 82, 79, 80, 54, 24, 25, 26, 27, 26, 25, 26, 27, 26, 25, 26, 27, 26, 25, 26, 27, 26, 25, 26, 27, 26, 25, 26, 27, 26, 25, 26, 27, 26, 25, 26, 27, 26, 25, 26, 27, 26, 25, 26, 27, 26, 25, 28, 55, 56, 55, 56, 55, 56, 55, 56, 55, 56, 55, 56, 55, 56, 55, 56, 55, 56, 55, 56, 55, 57, 81, 82, 79, 80, 54, 24, 25, 26, 27, 26, 25, 26, 27, 26, 25, 26, 27, 26, 25, 26, 27, 26, 25, 26, 27, 26, 25, 26, 27, 26, 25, 26, 27, 26, 25, 26, 27, 26, 25, 26, 27, 26, 25, 26, 27, 26, 25, 28, 55, 56, 55, 56, 55, 56, 55, 56, 55, 56, 55, 56, 55, 56, 55, 56, 55, 56, 55, 56, 55, 57, 81, 82, 79, 83, 88, 89]"
atomic-updates,Concurrency_prepared,"[1, 2, 3, 5, 5, 6, 12, 15, 22, 30, 40, 53, 59, 61, 7, 8, 8, 8, 8, 8, 8, 8, 8, 8, 8, 8, 8, 8, 8, 10, 10, 10, 10, 10, 10, 10, 10, 10, 10, 10, 10, 10, 10, 64, 67, 68, 71, 72, 75, 76, 78, 79, 80, 54, 24, 25, 26, 27, 26, 25, 26, 27, 26, 25, 26, 27, 26, 25, 26, 27, 26, 25, 26, 27, 26, 25, 26, 27, 26, 25, 26, 27, 26, 25, 26, 27, 26, 25, 26, 27, 26, 25, 26, 27, 26, 25, 26, 27, 26, 25, 26, 27, 26, 25, 28, 55, 56, 55, 56, 55, 56, 55, 56, 55, 56, 55, 56, 55, 56, 55, 56, 55, 56, 55, 56, 55, 56, 55, 56, 55, 57, 81, 82, 79, 80, 54, 24, 25, 26, 27, 26, 25, 26, 27, 26, 25, 26, 27, 26, 25, 26, 27, 26, 25, 26, 27, 26, 25, 26, 27, 26, 25, 26, 27, 26, 25, 26, 27, 26, 25, 26, 27, 26, 25, 26, 27, 26, 25, 26, 27, 26, 25, 26, 27, 26, 25, 28, 55, 56, 55, 56, 55, 56, 55, 56, 55, 56, 55, 56, 55, 56, 55, 56, 55, 56, 55, 56, 55, 56, 55, 56, 55, 57, 81, 82, 79, 80, 54, 24, 25, 26, 27, 26, 25, 26, 27, 26, 25, 26, 27, 26, 25, 26, 27, 26, 25, 26, 27, 26, 25, 26, 27, 26, 25, 26, 27, 26, 25, 26, 27, 26, 25, 26, 27, 26, 25, 26, 27, 26, 25, 26, 27, 26, 25, 26, 27, 26, 25, 28, 55, 56, 55, 56, 55, 56, 55, 56, 55, 56, 55, 56, 55, 56, 55, 56, 55, 56, 55, 56, 55, 56, 55, 56, 55, 57, 81, 82, 79, 80, 54, 24, 25, 26, 27, 26, 25, 26, 27, 26, 25, 26, 27, 26, 25, 26, 27, 26, 25, 26, 27, 26, 25, 26, 27, 26, 25, 26, 27, 26, 25, 26, 27, 26, 25, 26, 27, 26, 25, 26, 27, 26, 25, 26, 27, 26, 25, 26, 27, 26, 25, 28, 55, 56, 55, 56, 55, 56, 55, 56, 55, 56, 55, 56, 55, 56, 55, 56, 55, 56, 55, 56, 55, 56, 55, 56, 55, 57, 81, 82, 79, 80, 54, 24, 25, 26, 27, 26, 25, 26, 27, 26, 25, 26, 27, 26, 25, 26, 27, 26, 25, 26, 27, 26, 25, 26, 27, 26, 25, 26, 27, 26, 25, 26, 27, 26, 25, 26, 27, 26, 25, 26, 27, 26, 25, 26, 27, 26, 25, 26, 27, 26, 25, 28, 55, 56, 55, 56, 55, 56, 55, 56, 55, 56, 55, 56, 55, 56, 55, 56, 55, 56, 55, 56, 55, 56, 55, 56, 55, 57, 81, 82, 79, 80, 54, 24, 25, 26, 27, 26, 25, 26, 27, 26, 25, 26, 27, 26, 25, 26, 27, 26, 25, 26, 27, 26, 25, 26, 27, 26, 25, 26, 27, 26, 25, 26, 27, 26, 25, 26, 27, 26, 25, 26, 27, 26, 25, 26, 27, 26, 25, 26, 27, 26, 25, 28, 55, 56, 55, 56, 55, 56, 55, 56, 55, 56, 55, 56, 55, 56, 55, 56, 55, 56, 55, 56, 55, 56, 55, 56, 55, 57, 81, 82, 79, 80, 54, 24, 25, 26, 27, 26, 25, 26, 27, 26, 25, 26, 27, 26, 25, 26, 27, 26, 25, 26, 27, 26, 25, 26, 27, 26, 25, 26, 27, 26, 25, 26, 27, 26, 25, 26, 27, 26, 25, 26, 27, 26, 25, 26, 27, 26, 25, 26, 27, 26, 25, 28, 55, 56, 55, 56, 55, 56, 55, 56, 55, 56, 55, 56, 55, 56, 55, 56, 55, 56, 55, 56, 55, 56, 55, 56, 55, 57, 81, 82, 79, 80, 54, 24, 25, 26, 27, 26, 25, 26, 27, 26, 25, 26, 27, 26, 25, 26, 27, 26, 25, 26, 27, 26, 25, 26, 27, 26, 25, 26, 27, 26, 25, 26, 27, 26, 25, 26, 27, 26, 25, 26, 27, 26, 25, 26, 27, 26, 25, 26, 27, 26, 25, 28, 55, 56, 55, 56, 55, 56, 55, 56, 55, 56, 55, 56, 55, 56, 55, 56, 55, 56, 55, 56, 55, 56, 55, 56, 55, 57, 81, 82, 79, 83, 88, 89]"
atomic-updates,Concurrency_prepared,"[1, 2, 3, 5, 5, 6, 12, 15, 22, 30, 40, 53, 59, 61, 7, 8, 8, 8, 8, 8, 8, 8, 8, 8, 8, 8, 8, 8, 8, 8, 8, 8, 10, 10, 10, 10, 10, 10, 10, 10, 10, 10, 10, 10, 10, 10, 10, 10, 10, 64, 67, 68, 71, 72, 75, 76, 78, 79, 80, 54, 24, 25, 26, 27, 26, 25, 26, 27, 26, 25, 26, 27, 26, 25, 26, 27, 26, 25, 26, 27, 26, 25, 26, 27, 26, 25, 26, 27, 26, 25, 26, 27, 26, 25, 26, 27, 26, 25, 26, 27, 26, 25, 26, 27, 26, 25, 26, 27, 26, 25, 26, 27, 26, 25, 26, 27, 26, 25, 26, 27, 26, 25, 28, 55, 56, 55, 56, 55, 56, 55, 56, 55, 56, 55, 56, 55, 56, 55, 56, 55, 56, 55, 56, 55, 56, 55, 56, 55, 56, 55, 56, 55, 56, 55, 57, 81, 82, 79, 80, 54, 24, 25, 26, 27, 26, 25, 26, 27, 26, 25, 26, 27, 26, 25, 26, 27, 26, 25, 26, 27, 26, 25, 26, 27, 26, 25, 26, 27, 26, 25, 26, 27, 26, 25, 26, 27, 26, 25, 26, 27, 26, 25, 26, 27, 26, 25, 26, 27, 26, 25, 26, 27, 26, 25, 26, 27, 26, 25, 26, 27, 26, 25, 28, 55, 56, 55, 56, 55, 56, 55, 56, 55, 56, 55, 56, 55, 56, 55, 56, 55, 56, 55, 56, 55, 56, 55, 56, 55, 56, 55, 56, 55, 56, 55, 57, 81, 82, 79, 80, 54, 24, 25, 26, 27, 26, 25, 26, 27, 26, 25, 26, 27, 26, 25, 26, 27, 26, 25, 26, 27, 26, 25, 26, 27, 26, 25, 26, 27, 26, 25, 26, 27, 26, 25, 26, 27, 26, 25, 26, 27, 26, 25, 26, 27, 26, 25, 26, 27, 26, 25, 26, 27, 26, 25, 26, 27, 26, 25, 26, 27, 26, 25, 28, 55, 56, 55, 56, 55, 56, 55, 56, 55, 56, 55, 56, 55, 56, 55, 56, 55, 56, 55, 56, 55, 56, 55, 56, 55, 56, 55, 56, 55, 56, 55, 57, 81, 82, 79, 80, 54, 24, 25, 26, 27, 26, 25, 26, 27, 26, 25, 26, 27, 26, 25, 26, 27, 26, 25, 26, 27, 26, 25, 26, 27, 26, 25, 26, 27, 26, 25, 26, 27, 26, 25, 26, 27, 26, 25, 26, 27, 26, 25, 26, 27, 26, 25, 26, 27, 26, 25, 26, 27, 26, 25, 26, 27, 26, 25, 26, 27, 26, 25, 28, 55, 56, 55, 56, 55, 56, 55, 56, 55, 56, 55, 56, 55, 56, 55, 56, 55, 56, 55, 56, 55, 56, 55, 56, 55, 56, 55, 56, 55, 56, 55, 57, 81, 82, 79, 80, 54, 24, 25, 26, 27, 26, 25, 26, 27, 26, 25, 26, 27, 26, 25, 26, 27, 26, 25, 26, 27, 26, 25, 26, 27, 26, 25, 26, 27, 26, 25, 26, 27, 26, 25, 26, 27, 26, 25, 26, 27, 26, 25, 26, 27, 26, 25, 26, 27, 26, 25, 26, 27, 26, 25, 26, 27, 26, 25, 26, 27, 26, 25, 28, 55, 56, 55, 56, 55, 56, 55, 56, 55, 56, 55, 56, 55, 56, 55, 56, 55, 56, 55, 56, 55, 56, 55, 56, 55, 56, 55, 56, 55, 56, 55, 57, 81, 82, 79, 80, 54, 24, 25, 26, 27, 26, 25, 26, 27, 26, 25, 26, 27, 26, 25, 26, 27, 26, 25, 26, 27, 26, 25, 26, 27, 26, 25, 26, 27, 26, 25, 26, 27, 26, 25, 26, 27, 26, 25, 26, 27, 26, 25, 26, 27, 26, 25, 26, 27, 26, 25, 26, 27, 26, 25, 26, 27, 26, 25, 26, 27, 26, 25, 28, 55, 56, 55, 56, 55, 56, 55, 56, 55, 56, 55, 56, 55, 56, 55, 56, 55, 56, 55, 56, 55, 56, 55, 56, 55, 56, 55, 56, 55, 56, 55, 57, 81, 82, 79, 80, 54, 24, 25, 26, 27, 26, 25, 26, 27, 26, 25, 26, 27, 26, 25, 26, 27, 26, 25, 26, 27, 26, 25, 26, 27, 26, 25, 26, 27, 26, 25, 26, 27, 26, 25, 26, 27, 26, 25, 26, 27, 26, 25, 26, 27, 26, 25, 26, 27, 26, 25, 26, 27, 26, 25, 26, 27, 26, 25, 26, 27, 26, 25, 28, 55, 56, 55, 56, 55, 56, 55, 56, 55, 56, 55, 56, 55, 56, 55, 56, 55, 56, 55, 56, 55, 56, 55, 56, 55, 56, 55, 56, 55, 56, 55, 57, 81, 82, 79, 80, 54, 24, 25, 26, 27, 26, 25, 26, 27, 26, 25, 26, 27, 26, 25, 26, 27, 26, 25, 26, 27, 26, 25, 26, 27, 26, 25, 26, 27, 26, 25, 26, 27, 26, 25, 26, 27, 26, 25, 26, 27, 26, 25, 26, 27, 26, 25, 26, 27, 26, 25, 26, 27, 26, 25, 26, 27, 26, 25, 26, 27, 26, 25, 28, 55, 56, 55, 56, 55, 56, 55, 56, 55, 56, 55, 56, 55, 56, 55, 56, 55, 56, 55, 56, 55, 56, 55, 56, 55, 56, 55, 56, 55, 56, 55, 57, 81, 82, 79, 80, 54, 24, 25, 26, 27, 26, 25, 26, 27, 26, 25, 26, 27, 26, 25, 26, 27, 26, 25, 26, 27, 26, 25, 26, 27, 26, 25, 26, 27, 26, 25, 26, 27, 26, 25, 26, 27, 26, 25, 26, 27, 26, 25, 26, 27, 26, 25, 26, 27, 26, 25, 26, 27, 26, 25, 26, 27, 26, 25, 26, 27, 26, 25, 28, 55, 56, 55, 56, 55, 56, 55, 56, 55, 56, 55, 56, 55, 56, 55, 56, 55, 56, 55, 56, 55, 56, 55, 56, 55, 56, 55, 56, 55, 56, 55, 57, 81, 82, 79, 80, 54, 24, 25, 26, 27, 26, 25, 26, 27, 26, 25, 26, 27, 26, 25, 26, 27, 26, 25, 26, 27, 26, 25, 26, 27, 26, 25, 26, 27, 26, 25, 26, 27, 26, 25, 26, 27, 26, 25, 26, 27, 26, 25, 26, 27, 26, 25, 26, 27, 26, 25, 26, 27, 26, 25, 26, 27, 26, 25, 26, 27, 26, 25, 28, 55, 56, 55, 56, 55, 56, 55, 56, 55, 56, 55, 56, 55, 56, 55, 56, 55, 56, 55, 56, 55, 56, 55, 56, 55, 56, 55, 56, 55, 56, 55, 57, 81, 82, 79, 80, 54, 24, 25, 26, 27, 26, 25, 26, 27, 26, 25, 26, 27, 26, 25, 26, 27, 26, 25, 26, 27, 26, 25, 26, 27, 26, 25, 26, 27, 26, 25, 26, 27, 26, 25, 26, 27, 26, 25, 26, 27, 26, 25, 26, 27, 26, 25, 26, 27, 26, 25, 26, 27, 26, 25, 26, 27, 26, 25, 26, 27, 26, 25, 28, 55, 56, 55, 56, 55, 56, 55, 56, 55, 56, 55, 56, 55, 56, 55, 56, 55, 56, 55, 56, 55, 56, 55, 56, 55, 56, 55, 56, 55, 56, 55, 57, 81, 82, 79, 80, 54, 24, 25, 26, 27, 26, 25, 26, 27, 26, 25, 26, 27, 26, 25, 26, 27, 26, 25, 26, 27, 26, 25, 26, 27, 26, 25, 26, 27, 26, 25, 26, 27, 26, 25, 26, 27, 26, 25, 26, 27, 26, 25, 26, 27, 26, 25, 26, 27, 26, 25, 26, 27, 26, 25, 26, 27, 26, 25, 26, 27, 26, 25, 28, 55, 56, 55, 56, 55, 56, 55, 56, 55, 56, 55, 56, 55, 56, 55, 56, 55, 56, 55, 56, 55, 56, 55, 56, 55, 56, 55, 56, 55, 56, 55, 57, 81, 82, 79, 83, 88, 89]"
atomic-updates,Concurrency_prepared,"[1, 2, 3, 5, 5, 6, 12, 15, 22, 30, 40, 53, 59, 61, 7, 8, 8, 8, 8, 8, 8, 8, 8, 8, 8, 8, 8, 8, 8, 8, 8, 8, 10, 10, 10, 10, 10, 10, 10, 10, 10, 10, 10, 10, 10, 10, 10, 10, 10, 64, 67, 68, 71, 72, 75, 76, 78, 79, 80, 54, 24, 25, 26, 27, 26, 25, 26, 27, 26, 25, 26, 27, 26, 25, 26, 27, 26, 25, 26, 27, 26, 25, 26, 27, 26, 25, 26, 27, 26, 25, 26, 27, 26, 25, 26, 27, 26, 25, 26, 27, 26, 25, 26, 27, 26, 25, 26, 27, 26, 25, 26, 27, 26, 25, 26, 27, 26, 25, 26, 27, 26, 25, 28, 55, 56, 55, 56, 55, 56, 55, 56, 55, 56, 55, 56, 55, 56, 55, 56, 55, 56, 55, 56, 55, 56, 55, 56, 55, 56, 55, 56, 55, 56, 55, 57, 81, 82, 79, 80, 54, 24, 25, 26, 27, 26, 25, 26, 27, 26, 25, 26, 27, 26, 25, 26, 27, 26, 25, 26, 27, 26, 25, 26, 27, 26, 25, 26, 27, 26, 25, 26, 27, 26, 25, 26, 27, 26, 25, 26, 27, 26, 25, 26, 27, 26, 25, 26, 27, 26, 25, 26, 27, 26, 25, 26, 27, 26, 25, 26, 27, 26, 25, 28, 55, 56, 55, 56, 55, 56, 55, 56, 55, 56, 55, 56, 55, 56, 55, 56, 55, 56, 55, 56, 55, 56, 55, 56, 55, 56, 55, 56, 55, 56, 55, 57, 81, 82, 79, 80, 54, 24, 25, 26, 27, 26, 25, 26, 27, 26, 25, 26, 27, 26, 25, 26, 27, 26, 25, 26, 27, 26, 25, 26, 27, 26, 25, 26, 27, 26, 25, 26, 27, 26, 25, 26, 27, 26, 25, 26, 27, 26, 25, 26, 27, 26, 25, 26, 27, 26, 25, 26, 27, 26, 25, 26, 27, 26, 25, 26, 27, 26, 25, 28, 55, 56, 55, 56, 55, 56, 55, 56, 55, 56, 55, 56, 55, 56, 55, 56, 55, 56, 55, 56, 55, 56, 55, 56, 55, 56, 55, 56, 55, 56, 55, 57, 81, 82, 79, 80, 54, 24, 25, 26, 27, 26, 25, 26, 27, 26, 25, 26, 27, 26, 25, 26, 27, 26, 25, 26, 27, 26, 25, 26, 27, 26, 25, 26, 27, 26, 25, 26, 27, 26, 25, 26, 27, 26, 25, 26, 27, 26, 25, 26, 27, 26, 25, 26, 27, 26, 25, 26, 27, 26, 25, 26, 27, 26, 25, 26, 27, 26, 25, 28, 55, 56, 55, 56, 55, 56, 55, 56, 55, 56, 55, 56, 55, 56, 55, 56, 55, 56, 55, 56, 55, 56, 55, 56, 55, 56, 55, 56, 55, 56, 55, 57, 81, 82, 79, 80, 54, 24, 25, 26, 27, 26, 25, 26, 27, 26, 25, 26, 27, 26, 25, 26, 27, 26, 25, 26, 27, 26, 25, 26, 27, 26, 25, 26, 27, 26, 25, 26, 27, 26, 25, 26, 27, 26, 25, 26, 27, 26, 25, 26, 27, 26, 25, 26, 27, 26, 25, 26, 27, 26, 25, 26, 27, 26, 25, 26, 27, 26, 25, 28, 55, 56, 55, 56, 55, 56, 55, 56, 55, 56, 55, 56, 55, 56, 55, 56, 55, 56, 55, 56, 55, 56, 55, 56, 55, 56, 55, 56, 55, 56, 55, 57, 81, 82, 79, 80, 54, 24, 25, 26, 27, 26, 25, 26, 27, 26, 25, 26, 27, 26, 25, 26, 27, 26, 25, 26, 27, 26, 25, 26, 27, 26, 25, 26, 27, 26, 25, 26, 27, 26, 25, 26, 27, 26, 25, 26, 27, 26, 25, 26, 27, 26, 25, 26, 27, 26, 25, 26, 27, 26, 25, 26, 27, 26, 25, 26, 27, 26, 25, 28, 55, 56, 55, 56, 55, 56, 55, 56, 55, 56, 55, 56, 55, 56, 55, 56, 55, 56, 55, 56, 55, 56, 55, 56, 55, 56, 55, 56, 55, 56, 55, 57, 81, 82, 79, 80, 54, 24, 25, 26, 27, 26, 25, 26, 27, 26, 25, 26, 27, 26, 25, 26, 27, 26, 25, 26, 27, 26, 25, 26, 27, 26, 25, 26, 27, 26, 25, 26, 27, 26, 25, 26, 27, 26, 25, 26, 27, 26, 25, 26, 27, 26, 25, 26, 27, 26, 25, 26, 27, 26, 25, 26, 27, 26, 25, 26, 27, 26, 25, 28, 55, 56, 55, 56, 55, 56, 55, 56, 55, 56, 55, 56, 55, 56, 55, 56, 55, 56, 55, 56, 55, 56, 55, 56, 55, 56, 55, 56, 55, 56, 55, 57, 81, 82, 79, 80, 54, 24, 25, 26, 27, 26, 25, 26, 27, 26, 25, 26, 27, 26, 25, 26, 27, 26, 25, 26, 27, 26, 25, 26, 27, 26, 25, 26, 27, 26, 25, 26, 27, 26, 25, 26, 27, 26, 25, 26, 27, 26, 25, 26, 27, 26, 25, 26, 27, 26, 25, 26, 27, 26, 25, 26, 27, 26, 25, 26, 27, 26, 25, 28, 55, 56, 55, 56, 55, 56, 55, 56, 55, 56, 55, 56, 55, 56, 55, 56, 55, 56, 55, 56, 55, 56, 55, 56, 55, 56, 55, 56, 55, 56, 55, 57, 81, 82, 79, 80, 54, 24, 25, 26, 27, 26, 25, 26, 27, 26, 25, 26, 27, 26, 25, 26, 27, 26, 25, 26, 27, 26, 25, 26, 27, 26, 25, 26, 27, 26, 25, 26, 27, 26, 25, 26, 27, 26, 25, 26, 27, 26, 25, 26, 27, 26, 25, 26, 27, 26, 25, 26, 27, 26, 25, 26, 27, 26, 25, 26, 27, 26, 25, 28, 55, 56, 55, 56, 55, 56, 55, 56, 55, 56, 55, 56, 55, 56, 55, 56, 55, 56, 55, 56, 55, 56, 55, 56, 55, 56, 55, 56, 55, 56, 55, 57, 81, 82, 79, 80, 54, 24, 25, 26, 27, 26, 25, 26, 27, 26, 25, 26, 27, 26, 25, 26, 27, 26, 25, 26, 27, 26, 25, 26, 27, 26, 25, 26, 27, 26, 25, 26, 27, 26, 25, 26, 27, 26, 25, 26, 27, 26, 25, 26, 27, 26, 25, 26, 27, 26, 25, 26, 27, 26, 25, 26, 27, 26, 25, 26, 27, 26, 25, 28, 55, 56, 55, 56, 55, 56, 55, 56, 55, 56, 55, 56, 55, 56, 55, 56, 55, 56, 55, 56, 55, 56, 55, 56, 55, 56, 55, 56, 55, 56, 55, 57, 81, 82, 79, 80, 54, 24, 25, 26, 27, 26, 25, 26, 27, 26, 25, 26, 27, 26, 25, 26, 27, 26, 25, 26, 27, 26, 25, 26, 27, 26, 25, 26, 27, 26, 25, 26, 27, 26, 25, 26, 27, 26, 25, 26, 27, 26, 25, 26, 27, 26, 25, 26, 27, 26, 25, 26, 27, 26, 25, 26, 27, 26, 25, 26, 27, 26, 25, 28, 55, 56, 55, 56, 55, 56, 55, 56, 55, 56, 55, 56, 55, 56, 55, 56, 55, 56, 55, 56, 55, 56, 55, 56, 55, 56, 55, 56, 55, 56, 55, 57, 81, 82, 79, 80, 54, 24, 25, 26, 27, 26, 25, 26, 27, 26, 25, 26, 27, 26, 25, 26, 27, 26, 25, 26, 27, 26, 25, 26, 27, 26, 25, 26, 27, 26, 25, 26, 27, 26, 25, 26, 27, 26, 25, 26, 27, 26, 25, 26, 27, 26, 25, 26, 27, 26, 25, 26, 27, 26, 25, 26, 27, 26, 25, 26, 27, 26, 25, 28, 55, 56, 55, 56, 55, 56, 55, 56, 55, 56, 55, 56, 55, 56, 55, 56, 55, 56, 55, 56, 55, 56, 55, 56, 55, 56, 55, 56, 55, 56, 55, 57, 81, 82, 79, 80, 54, 24, 25, 26, 27, 26, 25, 26, 27, 26, 25, 26, 27, 26, 25, 26, 27, 26, 25, 26, 27, 26, 25, 26, 27, 26, 25, 26, 27, 26, 25, 26, 27, 26, 25, 26, 27, 26, 25, 26, 27, 26, 25, 26, 27, 26, 25, 26, 27, 26, 25, 26, 27, 26, 25, 26, 27, 26, 25, 26, 27, 26, 25, 28, 55, 56, 55, 56, 55, 56, 55, 56, 55, 56, 55, 56, 55, 56, 55, 56, 55, 56, 55, 56, 55, 56, 55, 56, 55, 56, 55, 56, 55, 56, 55, 57, 81, 82, 79, 80, 54, 24, 25, 26, 27, 26, 25, 26, 27, 26, 25, 26, 27, 26, 25, 26, 27, 26, 25, 26, 27, 26, 25, 26, 27, 26, 25, 26, 27, 26, 25, 26, 27, 26, 25, 26, 27, 26, 25, 26, 27, 26, 25, 26, 27, 26, 25, 26, 27, 26, 25, 26, 27, 26, 25, 26, 27, 26, 25, 26, 27, 26, 25, 28, 55, 56, 55, 56, 55, 56, 55, 56, 55, 56, 55, 56, 55, 56, 55, 56, 55, 56, 55, 56, 55, 56, 55, 56, 55, 56, 55, 56, 55, 56, 55, 57, 81, 82, 79, 80, 54, 24, 25, 26, 27, 26, 25, 26, 27, 26, 25, 26, 27, 26, 25, 26, 27, 26, 25, 26, 27, 26, 25, 26, 27, 26, 25, 26, 27, 26, 25, 26, 27, 26, 25, 26, 27, 26, 25, 26, 27, 26, 25, 26, 27, 26, 25, 26, 27, 26, 25, 26, 27, 26, 25, 26, 27, 26, 25, 26, 27, 26, 25, 28, 55, 56, 55, 56, 55, 56, 55, 56, 55, 56, 55, 56, 55, 56, 55, 56, 55, 56, 55, 56, 55, 56, 55, 56, 55, 56, 55, 56, 55, 56, 55, 57, 81, 82, 79, 83, 88, 89]"
checkpoint-synchronization,Concurrency_prepared,"[1, 14, 15, 16, 17, 18, '(19', 20, 21, 22, 23, '24)']"
checkpoint-synchronization,Concurrency_prepared,"[1, 15, 16, 17, 18, 19, '(20', 22, 23, 25, 26, '27)']"
checkpoint-synchronization,Concurrency_prepared,"[1, 15, 16, 17, 18, 19, 20, '(21', 23, 24, 25, 27, 28, 29, '30)']"
checkpoint-synchronization,Concurrency_prepared,"[1, 15, 16, 17, 18, 19, 20, 21, '(22', 24, 25, 26, 27, 29, 30, 31, 32, '33)']"
checkpoint-synchronization,Concurrency_prepared,"[1, 15, 16, 17, 18, 19, 20, 21, 22, '(23', 25, 26, 27, 28, 29, 30, 31, 32, 33, 34, '35)']"
concurrent-computing-1,Concurrency_prepared,"[1, 4, 10, 16, 17, 11, 1, 12, 13]"
concurrent-computing-1,Concurrency_prepared,"[1, 4, 10, 16, 17, 11, 1, 12, 13]"
concurrent-computing-1,Concurrency_prepared,"[1, 4, 10, 16, 17, 11, 1, 12, 13]"
concurrent-computing-1,Concurrency_prepared,"[1, 4, 10, 16, 17, 11, 1, 12, 13]"
concurrent-computing-1,Concurrency_prepared,"[1, 4, 10, 16, 17, 11, 1, 12, 13]"
CountEvenOdd,Concurrency_prepared,"[1, 7, 12, 13, 14, 16, 17, '(19', 21, 23, '24)', 27, 28]"
CountEvenOdd,Concurrency_prepared,"[1, 7, 12, 13, 14, 16, 17, '(19', 21, 23, '24)', 27, 28]"
CountEvenOdd,Concurrency_prepared,"[1, 7, 12, 13, 14, 16, 17, 18, '(20', 22, 23, 25, 26, '27)', 30, 31]"
CountEvenOdd,Concurrency_prepared,"[1, 4, 10, 15, 16, 17, 19, 20, 21, 22, '(24', 26, 27, 28, 30, 31, 32, '33)', 37, 38]"
CountEvenOdd,Concurrency_prepared,"[1, 7, 12, 13, 14, 16, 17, 18, 19, '(21', 23, 24, 25, 27, 28, 29, '30)', 34, 35]"
determine-if-only-one-instance-is-running,Concurrency_prepared,"[1, 3, 8, 15, 16, 17, 20, '(21', 25, 26, 27, 25, 26, 27, 25, 26, 27, 25, 26, 27, 25, 26, 27, 25, '29)', 31]"
determine-if-only-one-instance-is-running,Concurrency_prepared,"[1, 3, 8, 15, 16, 17, 20, '(21', 25, 26, 27, 25, 26, 27, 25, 26, 27, 25, 26, 27, 25, '29)', 31]"
determine-if-only-one-instance-is-running,Concurrency_prepared,"[1, 3, 8, 15, 16, 17, 20, '(21', 25, 26, 27, 25, 26, 27, 25, 26, 27, 25, 26, 27, 25, 26, 27, 25, 26, 27, 25, '29)', 31]"
determine-if-only-one-instance-is-running,Concurrency_prepared,"[1, 3, 8, 15, 16, 17, 20, '(21', 25, 26, 27, 25, 26, 27, 25, 26, 27, 25, '29)', 31]"
determine-if-only-one-instance-is-running,Concurrency_prepared,"[1, 3, 8, 15, 16, 17, 20, '(21', 24, 25, 28, 29, 30, 28, 29, 30, 28, 29, 30, 28, 29, 30, 28, 29, 30, 28, 29, 30, 28, 32, '33)', 35]"
dining-philosophers-1,Concurrency_prepared,"[1, 1, 3, 5, 11, 17, 34, 39, 40, 41, 41, 41, 41, 42, 42, 6, 7, 8, 9, 42, 6, 7, 8, 9, 42, 43, 44, '(45', '(45', '(45', 47, 48, '49)']"
dining-philosophers-1,Concurrency_prepared,"[1, 1, 3, 5, 11, 17, 34, 39, 40, 41, 41, 41, 41, 41, 42, 42, 6, 7, 8, 9, 42, 6, 7, 8, 9, 42, 6, 7, 8, 9, 42, 43, 44, '(45', '(45', '(45', '(45', 47, '48)', '50)']"
dining-philosophers-1,Concurrency_prepared,"[1, 1, 3, 5, 11, 17, 34, 39, 40, 41, 41, 41, 41, 41, 41, 41, 41, 42, 42, 6, 7, 8, 9, 42, 6, 7, 8, 9, 42, 6, 7, 8, 9, 42, 6, 7, 8, 9, 42, 6, 7, 8, 9, 42, 6, 7, 8, 9, 42, 43, 44, '(45', '(45', '(45', '(45', '(45', '(45', '(45', 47, '48)', '50)']"
dining-philosophers-1,Concurrency_prepared,"[1, 1, 3, 5, 11, 17, 34, 39, 40, 41, 41, 41, 41, 41, 41, 41, 41, 41, 42, 42, 6, 7, 8, 9, 42, 6, 7, 8, 9, 42, 6, 7, 8, 9, 42, 6, 7, 8, 9, 42, 6, 7, 8, 9, 42, 6, 7, 8, 9, 42, 6, 7, 8, 9, 42, 43, 44, '(45', '(45', '(45', '(45', '(45', '(45', '(45', '(45', 47, '48)', '50)']"
dining-philosophers-1,Concurrency_prepared,"[1, 1, 3, 5, 11, 17, 34, 39, 40, 41, 41, 41, 41, 41, 41, 41, 41, 41, 41, 41, 42, 42, 6, 7, 8, 9, 42, 6, 7, 8, 9, 42, 6, 7, 8, 9, 42, 6, 7, 8, 9, 42, 6, 7, 8, 9, 42, 6, 7, 8, 9, 42, 6, 7, 8, 9, 42, 6, 7, 8, 9, 42, 6, 7, 8, 9, 42, 43, 44, '(45', '(45', '(45', '(45', '(45', '(45', '(45', '(45', '(45', '(45', 47, '48)', '50)']"
factorial,Concurrency_prepared,"[1, 4, 11, 20, 28, 29, 30, 32, 33, '(35', 37, 39, '40)', 43, 44]"
factorial,Concurrency_prepared,"[1, 4, 11, 20, 28, 29, 30, '(32', 34, 36, 37, 39, '40)', 43, 44]"
factorial,Concurrency_prepared,"[1, 4, 11, 20, 28, 29, 30, 32, 33, '(35', 37, 39, '40)', 43, 44]"
factorial,Concurrency_prepared,"[1, 8, 17, 25, 26, 27, 29, 30, '(32', 34, 36, '37)', 40, 41]"
factorial,Concurrency_prepared,"[1, 8, 17, 25, 26, 27, 29, 30, '(32', 34, 36, '37)', 40, 41]"
handle-a-signal-1,Concurrency_prepared,"[1, 10, 11, 12, '(13', 15, '12)']"
handle-a-signal-1,Concurrency_prepared,"[1, 2, 11, 12, 13, '(14', 16, '13)']"
handle-a-signal-1,Concurrency_prepared,"[1, 10, 11, 12, 15, '(16', '(16', '(16', '(16', 20, 21, 20, 21, 20, '15)']"
handle-a-signal-1,Concurrency_prepared,"[1, 10, 11, 12, 15, '(16', '(16', '(16', '(16', 20, 21, 20, 21, 20, '15)']"
handle-a-signal-1,Concurrency_prepared,"[1, 10, 11, 12, 15, '(16', '(16', '(16', '(16', '(16', '(16', 20, 21, '15)']"
metered-concurrency,Concurrency_prepared,"[1, 12, 14, 17, 18, 19, 20, '(21', 18, 19, 20, '(21', 18, 19, 20, '(21', 18, 19, 20, '(21', 18, 19, 20, '(21', 18, 19, 20, '(21', 18, 19, 20, '(21', 18, 19, 20, '(21', 18, 19, 20, '(21', 18, 19, 20, '(21', 18, 25, '26)', 25, '26)', 25, '26)', 25, '26)', 25, '26)', 25, '26)', 25, '26)', 25, '26)', 25, '26)', 25, '26)', 25, 29]"
metered-concurrency,Concurrency_prepared,"[1, 12, 14, 16, 17, 18, 19, '(20', 17, 18, 19, '(20', 17, 18, 19, '(20', 17, 18, 19, '(20', 17, 18, 19, '(20', 17, 18, 19, '(20', 17, 24, '25)', 24, '25)', 24, '25)', 24, '25)', 24, '25)', 24, '25)', 24, 28]"
metered-concurrency,Concurrency_prepared,"[1, 12, 14, 16, 17, 18, 19, '(20', 17, 18, 19, '(20', 17, 18, 19, '(20', 17, 18, 19, '(20', 17, 18, 19, '(20', 17, 18, 19, '(20', 17, 18, 19, '(20', 17, 18, 19, '(20', 17, 18, 19, '(20', 17, 18, 19, '(20', 17, 18, 19, '(20', 17, 18, 19, '(20', 17, 18, 19, '(20', 17, 18, 19, '(20', 17, 18, 19, '(20', 17, 24, '25)', 24, '25)', 24, '25)', 24, '25)', 24, '25)', 24, '25)', 24, '25)', 24, '25)', 24, '25)', 24, '25)', 24, '25)', 24, '25)', 24, '25)', 24, '25)', 24, '25)', 24, 28]"
metered-concurrency,Concurrency_prepared,"[1, 12, 14, 17, 18, 19, 20, '(21', 18, 19, 20, '(21', 18, 19, 20, '(21', 18, 19, 20, '(21', 18, 19, 20, '(21', 18, 19, 20, '(21', 18, 19, 20, '(21', 18, 19, 20, '(21', 18, 19, 20, '(21', 18, 19, 20, '(21', 18, 19, 20, '(21', 18, 19, 20, '(21', 18, 25, '26)', 25, '26)', 25, '26)', 25, '26)', 25, '26)', 25, '26)', 25, '26)', 25, '26)', 25, '26)', 25, '26)', 25, '26)', 25, '26)', 25, 29]"
metered-concurrency,Concurrency_prepared,"[1, 12, 14, 17, 18, 19, 20, '(21', 18, 19, 20, '(21', 18, 19, 20, '(21', 18, 19, 20, '(21', 18, 19, 20, '(21', 18, 19, 20, '(21', 18, 19, 20, '(21', 18, 19, 20, '(21', 18, 19, 20, '(21', 18, 19, 20, '(21', 18, 19, 20, '(21', 18, 19, 20, '(21', 18, 25, '26)', 25, '26)', 25, '26)', 25, '26)', 25, '26)', 25, '26)', 25, '26)', 25, '26)', 25, '26)', 25, '26)', 25, '26)', 25, '26)', 25, 29]"
rendezvous,Concurrency_prepared,"[1, 1, 2, 5, 5, 6]"
rendezvous,Concurrency_prepared,"[1, 1, 2, 5, 5, 6]"
rendezvous,Concurrency_prepared,"[1, 1, 2, 5, 5, 6]"
rendezvous,Concurrency_prepared,"[1, 1, 2, 5, 5, 6]"
rendezvous,Concurrency_prepared,"[1, 1, 2, 5, 5, 6]"
synchronous-concurrency-1,Concurrency_prepared,"[1, 2, 4, 12, 22, 23, 24, 25, 26, '(27', 29, 30, '31)', 33]"
synchronous-concurrency-1,Concurrency_prepared,"[1, 2, 4, 12, 22, 23, 24, 25, 26, 27, '(28', 30, 31, 32, '34)']"
synchronous-concurrency-1,Concurrency_prepared,"[1, 2, 4, 12, 22, 23, 24, 25, 26, 27, '(28', 30, '31)', 33]"
synchronous-concurrency-1,Concurrency_prepared,"[1, 2, 4, 12, 22, 23, 24, 25, 26, '(27', 29, 30, '31)', 33]"
synchronous-concurrency-1,Concurrency_prepared,"[1, 2, 4, 12, 22, 23, 24, 25, 26, '(27', 29, 30, '31)', 33]"
