,Filename,Category,ExecutedLines
0,Account_2,OOP_prepared,"[85, 3, 4, 5, 6, 7, 44, 45, 46, 86, 74, 77, 78]"
1,Account_2,OOP_prepared,"[85, 3, 4, 5, 6, 7, 44, 45, 46, 86, 74, 75, 78]"
2,Account_2,OOP_prepared,"[85, 3, 4, 5, 6, 7, 86, 3, 4, 5, 6, 7, 87, 3, 4, 5, 6, 7, 89, 44, 45, 46, 90, 44, 45, 46, 91, 44, 45, 46, 94, 74, 77, 78, 95, 70, 71, 96, 74, 75, 78, 97, 70, 71, 98, 74, 77, 78, 101, 33, 70, 71, 102, 33, 74, 77, 78, 103, 33, 70, 71]"
3,Account_2,OOP_prepared,"[86, 3, 4, 5, 6, 7, 87, 3, 4, 5, 6, 7, 88, 3, 4, 5, 6, 7, 90, 44, 45, 46, 91, 44, 45, 46, 92, 44, 45, 46, 95, 96, 74, 77, 78, 97, 33, 70, 71, 100, 74, 77, 78, 101, 70, 71]"
4,Account_2,OOP_prepared,"[86, 3, 4, 5, 6, 7, 87, 3, 4, 5, 6, 7, 88, 3, 4, 5, 6, 7, 90, 44, 45, 46, 91, 44, 45, 46, 92, 44, 45, 46, 95, 33, 70, 71, 96, 74, 77, 78, 97, 33, 70, 71, 100, 101, 74, 77, 78, 102, 33, 70, 71, 105, 70, 71, 106, 74, 77, 78]"
5,Account,OOP_prepared,"[49, 3, 4, 5, 50, 3, 4, 5, 51, 37, 38, 39, 42]"
6,Account,OOP_prepared,"[51, 3, 4, 5, 52, 3, 4, 5, 53, 3, 4, 5, 56, 26, 27, 57, 26, 27, 58, 26, 27, 61, 37, 38, 39, 42, 62, 37, 38, 39, 42, 64, 30, 31, 34, 65, 30, 33, 34, 66, 30, 31, 34]"
7,Account,OOP_prepared,"[49, 3, 4, 5, 50, 3, 4, 5, 51, 3, 4, 5, 54, 30, 33, 34, 55, 30, 33, 34, 56, 30, 31, 34]"
8,Account,OOP_prepared,"[49, 3, 4, 5, 50, 3, 4, 5, 51, 3, 4, 5, 54, 26, 27, 55, 26, 27, 56, 26, 27, 59, 30, 31, 34, 60, 30, 31, 34, 61, 30, 31, 34, 64, 30, 33, 34]"
9,Account,OOP_prepared,"[51, 3, 4, 5, 52, 3, 4, 5, 55, 26, 27, 58, 30, 31, 34, 61, 30, 33, 34, 64, 37, 38, 39, 42, 67, 37, 41, 42, 70, 11, 71, 8, 74, 17, 75, 14, 78, 23, 79, 20]"
10,AnimalAbstract,OOP_prepared,"[45, 10, 46, 23, 47, 19]"
11,AnimalAbstract,OOP_prepared,"[46, 23, 47, 10, 48, 32]"
12,AnimalAbstract,OOP_prepared,"[45, 23, 46, 23, 47, 32]"
13,AnimalAbstract,OOP_prepared,"[45, 46, 47, 48]"
14,AnimalAbstract,OOP_prepared,"[45, 36, 46, 23, 47, 32, 48, 49, 50, 51]"
15,Animals,OOP_prepared,"[43, 19, 11, 3, 44, 25, 14, 6, 45, 22]"
16,Animals,OOP_prepared,"[43, 30, 11, 3, 44, 39, 14, 6, 45, 33]"
17,Animals,OOP_prepared,"[43, 30, 11, 3, 44, 30, 11, 3, 45, 36]"
18,Animals,OOP_prepared,"[43, 19, 11, 3, 44, 25, 14, 6, 45, 11, 3, 46, 14, 6]"
19,Animals,OOP_prepared,"[43, 3, 44, 6, 45, 3, 46, 6]"
20,Animal,OOP_prepared,"[49, 11, 3, 50, 11, 3, 51, 20]"
21,Animal,OOP_prepared,"[49, 11, 3, 50, 25, 11, 3, 51, 20]"
22,Animal,OOP_prepared,"[49, 25, 11, 3, 50, 25, 11, 3, 51, 34]"
23,Animal,OOP_prepared,"[49, 39, 3, 50, 51, 45]"
24,Animal,OOP_prepared,"[49, 3, 50, 51, 6, 52, 53]"
25,Ball,OOP_prepared,"[54, 3, 4, 5, 6, 7, 55, 40, 41, 56, 50]"
26,Ball,OOP_prepared,"[53, 3, 4, 5, 6, 7, 54, 40, 41, 55, 50, 56, 44, 57, 47, 58, 40, 41]"
27,Ball,OOP_prepared,"[54, 3, 4, 5, 6, 7, 55, 44, 56, 40, 41, 57, 47, 58, 40, 41, 59, 50]"
28,Ball,OOP_prepared,"[54, 3, 4, 5, 6, 7, 55, 56, 40, 41, 55, 56, 40, 41, 55, 56, 40, 41, 55, 57, 44, 58, 40, 41, 59, 47, 60, 50]"
29,Ball,OOP_prepared,"[55, 3, 4, 5, 6, 7, 56, 50, 57, 40, 41, 58, 50]"
30,Book1_,OOP_prepared,"[71, 3, 4, 5, 6, 37, 38, 39, 40, 72, 67, 32]"
31,Book1_,OOP_prepared,"[71, 3, 4, 5, 6, 72, 37, 38, 39, 40, 73, 67, 32]"
32,Book1_,OOP_prepared,"[71, 3, 4, 5, 6, 72, 37, 38, 39, 40, 73, 64, 74, 67, 32]"
33,Book1_,OOP_prepared,"[71, 3, 4, 5, 6, 72, 37, 38, 39, 40, 73, 46, 74, 58, 75, 67, 32]"
34,Book1_,OOP_prepared,"[71, 3, 4, 5, 6, 72, 37, 38, 39, 40, 73, 64, 74, 58, 75, 67, 32]"
35,Book_2,OOP_prepared,"[75, 3, 4, 5, 6, 3, 4, 5, 6, 37, 38, 39, 40, 76, 67, 67, 11, 67, 11, 67]"
36,Book_2,OOP_prepared,"[75, 3, 4, 5, 6, 76, 37, 38, 39, 40, 77, 70, 70, 32, 70, 71, 78, 67, 67, 11, 67]"
37,Book_2,OOP_prepared,"[75, 3, 4, 5, 6, 76, 37, 38, 39, 40, 77, 58, 78, 64, 79, 70, 70, 32, 70, 71, 80, 67, 67, 11, 67]"
38,Book_2,OOP_prepared,"[75, 3, 4, 5, 6, 76, 37, 38, 39, 40, 77, 46, 78, 70, 70, 32, 70, 71, 79, 67, 67, 11, 67]"
39,Book_2,OOP_prepared,"[75, 3, 4, 5, 6, 76, 3, 4, 5, 6, 77, 37, 38, 39, 40, 78, 70, 70, 32, 70, 32, 70, 71, 79, 67, 67, 11, 67, 11, 67]"
40,Book_3,OOP_prepared,"[68, 3, 4, 69, 24, 25, 26, 27, 28, 70, 52, 71, 64, 19]"
41,Book_3,OOP_prepared,"[68, 3, 4, 69, 24, 25, 26, 27, 28, 70, 64, 19, 71, 61, 7]"
42,Book_3,OOP_prepared,"[68, 3, 4, 69, 24, 25, 26, 27, 28, 70, 58, 71, 52, 72, 64, 19, 73, 55]"
43,Book_3,OOP_prepared,"[68, 3, 4, 69, 24, 25, 26, 27, 28, 70, 40, 71, 34, 72, 64, 19, 73, 31]"
44,Book_3,OOP_prepared,"[68, 3, 4, 69, 24, 25, 26, 27, 28, 70, 58, 71, 52, 72, 40, 73, 64, 19, 74, 49]"
45,Circle,OOP_prepared,"[25, 5, 26, 16]"
46,Circle,OOP_prepared,"[26, 5, 27, 16, 19]"
47,Circle,OOP_prepared,"[26, 5, 27, 13, 28, 16, 19]"
48,Circle,OOP_prepared,"[26, 5, 27, 16, 19, 28, 13, 29, 16, 19]"
49,Circle,OOP_prepared,"[26, 5, 27, 16, 19, 28, 13, 29, 16, 19]"
50,Container,OOP_prepared,"[131, 5, 6, 7, 8, 11, 12, 13, 132, 73, 74, 75, 76, 133, 134, 58, 59, 135, 121, 18, 30, 18, 30, 124, 136, 68, 133, 134, 58, 59, 135, 121, 18, 30, 18, 30, 124, 136, 68, 133, 134, 58, 59, 135, 121, 18, 30, 18, 30, 122, 62, 123, 136, 68, 133, 134, 58, 59, 135, 121, 18, 30, 18, 30, 124, 136, 68, 133, 134, 58, 59, 135, 121, 18, 30, 18, 30, 124, 136, 68, 133, 134, 58, 59, 135, 121, 18, 30, 18, 30, 124, 136, 68, 133, 134, 58, 59, 135, 121, 18, 30, 18, 30, 124, 136, 68, 133, 134, 58, 59, 135, 121, 18, 30, 18, 30, 124, 136, 68, 133, 134, 58, 59, 135, 121, 18, 30, 122, 62, 123, 136, 68, 133, 134, 58, 59, 135, 121, 18, 30, 18, 30, 124, 136, 68, 133]"
51,Container,OOP_prepared,"[132, 5, 6, 7, 8, 11, 12, 13, 133, 73, 74, 75, 76, 134, 135, 58, 59, 136, 121, 18, 30, 18, 30, 124, 137, 68, 134, 135, 58, 59, 136, 121, 18, 30, 18, 30, 124, 137, 68, 134, 135, 58, 59, 136, 121, 18, 30, 18, 30, 122, 62, 123, 137, 68, 134, 135, 58, 59, 136, 121, 18, 30, 18, 30, 124, 137, 68, 134, 135, 58, 59, 136, 121, 18, 30, 18, 30, 124, 137, 68, 134, 135, 58, 59, 136, 121, 18, 30, 18, 30, 124, 137, 68, 134, 135, 58, 59, 136, 121, 18, 30, 122, 62, 123, 137, 68, 134, 135, 58, 59, 136, 121, 18, 30, 18, 30, 124, 137, 68, 134, 135, 58, 59, 136, 121, 18, 30, 18, 30, 124, 137, 68, 134, 135, 58, 59, 136, 121, 18, 30, 18, 30, 124, 137, 68, 134]"
52,Container,OOP_prepared,"[131, 5, 6, 7, 8, 11, 12, 13, 132, 73, 74, 75, 76, 133, 134, 58, 59, 135, 121, 18, 30, 18, 30, 124, 136, 68, 133, 134, 58, 59, 135, 121, 18, 30, 18, 30, 124, 136, 68, 133, 134, 58, 59, 135, 121, 18, 30, 18, 30, 124, 136, 68, 133, 134, 58, 59, 135, 121, 18, 30, 18, 30, 124, 136, 68, 133, 134, 58, 59, 135, 121, 18, 30, 18, 30, 124, 136, 68, 133, 134, 58, 59, 135, 121, 18, 30, 18, 30, 124, 136, 68, 133, 134, 58, 59, 135, 121, 18, 30, 18, 30, 124, 136, 68, 133, 134, 58, 59, 135, 121, 18, 30, 18, 30, 124, 136, 68, 133, 134, 58, 59, 135, 121, 18, 30, 18, 30, 124, 136, 68, 133, 134, 58, 59, 135, 121, 18, 30, 18, 30, 124, 136, 68, 133]"
53,Container,OOP_prepared,"[131, 5, 6, 7, 8, 11, 12, 13, 132, 73, 74, 75, 76, 133, 134, 58, 59, 135, 121, 18, 30, 18, 30, 124, 136, 68, 133, 134, 58, 59, 135, 121, 18, 30, 122, 62, 123, 136, 68, 133, 134, 58, 59, 135, 121, 18, 30, 18, 30, 124, 136, 68, 133, 134, 58, 59, 135, 121, 18, 30, 18, 30, 124, 136, 68, 133, 134, 58, 59, 135, 121, 18, 30, 18, 30, 124, 136, 68, 133, 134, 58, 59, 135, 121, 18, 30, 18, 30, 122, 62, 123, 136, 68, 133, 134, 58, 59, 135, 121, 18, 30, 18, 30, 124, 136, 68, 133, 134, 58, 59, 135, 121, 18, 30, 18, 30, 124, 136, 68, 133, 134, 58, 59, 135, 121, 18, 30, 18, 30, 124, 136, 68, 133, 134, 58, 59, 135, 121, 18, 30, 122, 62, 123, 136, 68, 133]"
54,Container,OOP_prepared,"[131, 5, 6, 7, 8, 11, 12, 13, 132, 73, 74, 75, 76, 135, 136, 58, 59, 137, 121, 18, 30, 18, 30, 124, 140, 68, 135, 136, 58, 59, 137, 121, 18, 30, 18, 30, 122, 62, 123, 138, 68, 135, 136, 58, 59, 137, 121, 18, 30, 18, 30, 124, 140, 68, 135, 136, 58, 59, 137, 121, 18, 30, 18, 30, 124, 140, 68, 135, 136, 58, 59, 137, 121, 18, 30, 122, 62, 123, 138, 68, 135]"
55,Cylinder,OOP_prepared,"[52, 33, 5, 6, 34, 53, 10, 38, 25, 45, 25]"
56,Cylinder,OOP_prepared,"[53, 5, 6, 54, 14, 55, 28, 56, 25, 57, 33, 5, 6, 34, 58, 10, 38, 25, 45, 25]"
57,Cylinder,OOP_prepared,"[52, 33, 5, 6, 34, 53, 48, 28, 54, 45, 25]"
58,Cylinder,OOP_prepared,"[51, 33, 5, 6, 34, 52, 42, 53, 14, 54, 48, 28, 55, 45, 25]"
59,Cylinder,OOP_prepared,"[53, 33, 5, 6, 34, 54, 10, 38, 25, 45, 25]"
60,Date,OOP_prepared,"[45, 5, 6, 7, 46, 33, 34, 35, 40, 41]"
61,Date,OOP_prepared,"[51, 47, 5, 6, 7, 48, 33, 34, 35, 40, 41]"
62,Date,OOP_prepared,"[44, 5, 6, 7, 45, 33, 34, 35, 36, 37, 38]"
63,Date,OOP_prepared,"[45, 5, 6, 7, 46, 28, 29, 30, 47, 33, 34, 35, 40, 41]"
64,Date,OOP_prepared,"[44, 5, 6, 7, 45, 13, 46, 19, 47, 25, 48, 33, 34, 35, 40, 41]"
65,Employee,OOP_prepared,"[47, 3, 4, 5, 6, 48, 39, 40]"
66,Employee,OOP_prepared,"[47, 3, 4, 5, 6, 48, 33, 49, 36]"
67,Employee,OOP_prepared,"[47, 3, 4, 5, 6, 48, 39, 40, 49, 43]"
68,Employee,OOP_prepared,"[47, 3, 4, 5, 6, 48, 18, 49, 24, 50, 30, 51, 12, 52, 33, 53, 43]"
69,Employee,OOP_prepared,"[47, 3, 4, 5, 6, 48, 33, 49, 27, 50, 43]"
70,GeometricObject,OOP_prepared,"[59, 15, 60, 27, 61, 30, 62, 24]"
71,GeometricObject,OOP_prepared,"[59, 34, 35, 60, 53, 61, 56, 62, 50]"
72,GeometricObject,OOP_prepared,"[59, 15, 60, 21, 61, 18, 62, 27, 63, 24]"
73,GeometricObject,OOP_prepared,"[59, 34, 35, 60, 41, 61, 47, 62, 38, 63, 44, 64, 53, 65, 56]"
74,GeometricObject,OOP_prepared,"[59, 15, 34, 35, 60, 61, 24, 62, 27, 63, 30, 60, 61, 50, 62, 53, 63, 56, 60]"
75,InvoiceItem,OOP_prepared,"[40, 3, 4, 5, 6, 41, 9, 42, 33, 43, 36]"
76,InvoiceItem,OOP_prepared,"[40, 3, 4, 5, 6, 41, 24, 42, 21, 43, 33, 44, 36]"
77,InvoiceItem,OOP_prepared,"[40, 3, 4, 5, 6, 41, 30, 42, 27, 43, 33, 44, 36]"
78,InvoiceItem,OOP_prepared,"[40, 3, 4, 5, 6, 41, 12, 42, 18, 43, 9, 44, 15, 45, 36]"
79,InvoiceItem,OOP_prepared,"[40, 3, 4, 5, 6, 41, 24, 42, 30, 43, 18, 44, 15, 45, 33, 46, 36]"
80,Invoice,OOP_prepared,"[70, 3, 4, 5, 71, 31, 32, 33, 72, 57, 14, 73, 63, 20, 74, 66, 26]"
81,Invoice,OOP_prepared,"[70, 3, 4, 5, 71, 31, 32, 33, 72, 51, 73, 63, 20, 74, 66, 26]"
82,Invoice,OOP_prepared,"[70, 3, 4, 5, 71, 31, 32, 33, 72, 42, 23, 73, 60, 20, 74, 63, 20, 75, 66, 26]"
83,Invoice,OOP_prepared,"[70, 3, 4, 5, 71, 31, 32, 33, 72, 3, 4, 5, 45, 73, 42, 17, 74, 57, 14, 75, 63, 20, 76, 66, 26]"
84,Invoice,OOP_prepared,"[70, 3, 4, 5, 71, 31, 32, 33, 72, 48, 51, 73, 42, 23, 74, 54, 8, 75, 60, 20, 76, 63, 20, 77, 66, 26]"
85,LineSub,OOP_prepared,"[91, 5, 6, 92, 12, 93, 15, 94, 9]"
86,LineSub,OOP_prepared,"[92, 5, 6, 93, 5, 6, 94, 30, 31, 12, 15, 5, 6, 32, 95, 43, 12, 15, 5, 6, 9, 96, 46, 9, 97, 85, 12, 12, 15, 15, 98, 88, 15, 15, 12, 12]"
87,LineSub,OOP_prepared,"[93, 30, 33, 34, 5, 6, 35, 5, 6, 94, 55, 12, 95, 58, 15, 96, 61, 12, 97, 64, 15, 98, 40, 9, 9]"
88,LineSub,OOP_prepared,"[93, 30, 33, 34, 5, 6, 35, 5, 6, 94, 49, 24, 25, 95, 52, 24, 25, 96, 85, 12, 12, 15, 15, 97, 88, 15, 15, 12, 12, 98, 40, 9, 9]"
89,LineSub,OOP_prepared,"[92, 5, 6, 93, 5, 6, 94, 30, 31, 12, 15, 5, 6, 32, 95, 73, 24, 25, 96, 82, 24, 25, 97, 85, 12, 12, 15, 15, 98, 88, 15, 15, 12, 12, 99, 40, 9, 9]"
90,MovableCircle,OOP_prepared,"[105, 23, 24, 25, 26, 106, 53, 107, 56, 108, 53]"
91,MovableCircle,OOP_prepared,"[105, 70, 71, 72, 23, 24, 25, 26, 106, 89, 53, 107, 92, 35, 47, 38, 108, 89, 53]"
92,MovableCircle,OOP_prepared,"[105, 23, 24, 25, 26, 70, 71, 74, 106, 89, 53, 107, 98, 29, 41, 32, 108, 95, 35, 47, 38, 109, 89, 53]"
93,MovableCircle,OOP_prepared,"[105, 23, 24, 25, 26, 106, 53, 107, 56, 108, 62, 109, 53]"
94,MovableCircle,OOP_prepared,"[105, 23, 24, 25, 26, 70, 71, 74, 106, 89, 53, 107, 95, 35, 47, 38, 108, 101, 29, 41, 32, 109, 89, 53]"
95,MovablePoint_2,OOP_prepared,"[75, 22, 23, 24, 25, 76, 63, 77, 60]"
96,MovablePoint_2,OOP_prepared,"[76, 22, 23, 24, 25, 77, 69, 78, 60]"
97,MovablePoint_2,OOP_prepared,"[76, 22, 23, 24, 25, 77, 72, 78, 66, 79, 60]"
98,MovablePoint_2,OOP_prepared,"[75, 22, 23, 24, 25, 76, 63, 77, 69, 78, 60]"
99,MovablePoint_2,OOP_prepared,"[76, 22, 23, 24, 25, 77, 66, 78, 33, 79, 57, 80, 63, 81, 60]"
100,MovablePoint,OOP_prepared,"[72, 35, 3, 4, 36, 37, 73, 66, 8, 12, 67, 16, 20, 68, 63, 30]"
101,MovablePoint,OOP_prepared,"[72, 3, 4, 73, 23, 24, 74, 30]"
102,MovablePoint,OOP_prepared,"[72, 35, 3, 4, 36, 37, 73, 60]"
103,MovablePoint,OOP_prepared,"[72, 35, 3, 4, 36, 37, 73, 66, 8, 12, 67, 16, 20, 68, 74, 63, 30]"
104,MovablePoint,OOP_prepared,"[72, 35, 3, 4, 36, 37, 73, 56, 57, 74, 66, 8, 12, 67, 16, 20, 68, 75, 63, 30]"
105,MovableRectangle,OOP_prepared,"[106, 23, 24, 25, 26, 107, 56, 108, 53]"
106,MovableRectangle,OOP_prepared,"[107, 23, 24, 25, 26, 108, 59, 109, 62, 110, 53]"
107,MovableRectangle,OOP_prepared,"[107, 23, 24, 25, 26, 23, 24, 25, 26, 70, 71, 108, 89, 35, 47, 38, 90, 35, 47, 38, 109, 86, 53, 53]"
108,MovableRectangle,OOP_prepared,"[107, 23, 24, 25, 26, 23, 24, 25, 26, 70, 71, 108, 97, 29, 41, 32, 98, 29, 41, 32, 109, 93, 35, 47, 38, 94, 35, 47, 38, 110, 86, 53, 53]"
109,MovableRectangle,OOP_prepared,"[106, 23, 24, 25, 26, 107, 56, 108, 62, 109, 32, 110, 38, 111, 53]"
110,MyCircle,OOP_prepared,"[93, 5, 6, 41, 42, 47, 94, 5, 6, 41, 42, 47, 86, 28, 30, 33]"
111,MyCircle,OOP_prepared,"[93, 5, 6, 41, 42, 47, 94, 5, 6, 41, 42, 47, 86, 28, 30, 33]"
112,MyCircle,OOP_prepared,"[93, 5, 6, 41, 42, 47, 94, 62, 9, 95, 65, 15, 96, 80]"
113,MyCircle,OOP_prepared,"[93, 5, 6, 41, 42, 47, 94, 41, 43, 44, 5, 6, 47, 95, 86, 28, 30, 33]"
114,MyCircle,OOP_prepared,"[93, 41, 43, 46, 5, 6, 47, 94, 77, 24, 25, 95, 59, 96, 83]"
115,MyComplex,OOP_prepared,"[82, 5, 6, 83, 5, 6, 84, 47, 48, 49, 85, 21]"
116,MyComplex,OOP_prepared,"[82, 5, 6, 83, 5, 6, 84, 27, 85, 24, 86, 30, 87, 33]"
117,MyComplex,OOP_prepared,"[82, 5, 6, 83, 5, 6, 84, 52, 5, 6]"
118,MyComplex,OOP_prepared,"[82, 5, 6, 83, 5, 6, 84, 60, 5, 6]"
119,MyComplex,OOP_prepared,"[82, 5, 6, 83, 5, 6, 84, 63, 64, 65, 66, 67, 85, 21]"
120,MyDate,OOP_prepared,"[90, 6, 7, 8, 91, 46, 47, 29, 30, 31, 35]"
121,MyDate,OOP_prepared,"[90, 80, 81, 82, 86, 87]"
122,MyDate,OOP_prepared,"[90, 72, 73, 76]"
123,MyDate,OOP_prepared,"[90, 64, 66, 68]"
124,MyDate,OOP_prepared,"[90, 6, 7, 8, 91, 46, 47, 29, 30, 31, 32, 33, 34, 92, 46, 47, 93, 38, 39]"
125,MyLine,OOP_prepared,"[107, 5, 6, 5, 6, 41, 42, 43, 108, 97, 28, 29]"
126,MyLine,OOP_prepared,"[107, 5, 6, 108, 24, 25, 109, 9, 15]"
127,MyLine,OOP_prepared,"[114, 41, 45, 5, 6, 46, 5, 6, 115, 97, 28, 29]"
128,MyLine,OOP_prepared,"[106, 5, 6, 107, 5, 6, 108, 41, 42, 43, 109, 100, 15, 15, 9, 9]"
129,MyLine,OOP_prepared,"[106, 41, 45, 5, 6, 46, 5, 6, 107, 97, 28, 29]"
130,MyPoint,OOP_prepared,"[39, 5, 6, 40, 5, 6, 41, 28, 29]"
131,MyPoint,OOP_prepared,"[39, 5, 6, 40, 28, 30, 31]"
132,MyPoint,OOP_prepared,"[39, 5, 6, 40, 5, 6, 41, 28, 29]"
133,MyPoint,OOP_prepared,"[39, 5, 6, 40, 28, 30, 31]"
134,MyPoint,OOP_prepared,"[39, 5, 6, 40, 24, 25, 41, 28, 30, 33]"
135,MyPolynomial,OOP_prepared,"[64, 3, 65, 3, 66, 3, 67, 38, 12, 39, 41, 42, 43, 12, 44, 45, 12, 46, 47, 41, 42, 43, 12, 44, 45, 12, 46, 47, 41, 42, 43, 12, 44, 45, 12, 46, 47, 41, 49, 3, 15, 16, 17, 19, 20, 25, 26, 16, 17, 19, 22, 23, 25, 27, 28, 16, 17, 19, 22, 23, 25, 27, 16, 29]"
136,MyPolynomial,OOP_prepared,"[63, 3, 64, 9, 65, 6, 66, 15, 16, 17, 19, 20, 25, 26, 16, 17, 18, 16, 17, 19, 22, 23, 25, 27, 28, 16, 17, 18, 16, 29]"
137,MyPolynomial,OOP_prepared,"[64, 3, 65, 32, 33, 34, 33, 34, 33, 34, 33, 35, 66, 15, 16, 17, 19, 20, 25, 26, 16, 17, 19, 22, 23, 25, 27, 28, 16, 17, 19, 22, 23, 25, 27, 16, 29]"
138,MyPolynomial,OOP_prepared,"[64, 3, 65, 3, 66, 38, 12, 39, 41, 42, 43, 12, 44, 45, 12, 46, 47, 41, 42, 43, 12, 44, 45, 12, 46, 47, 41, 42, 43, 12, 45, 12, 46, 47, 41, 49, 3, 15, 16, 17, 19, 20, 25, 26, 16, 17, 19, 22, 23, 25, 27, 28, 16, 17, 19, 22, 23, 25, 27, 16, 29, 67, 15, 16, 17, 19, 20, 25, 27, 28, 16, 17, 19, 22, 23, 25, 27, 16, 29]"
139,MyPolynomial,OOP_prepared,"[64, 3, 65, 3, 66, 52, 12, 12, 53, 55, 56, 57, 58, 56, 57, 58, 56, 55, 56, 57, 58, 56, 57, 58, 56, 55, 56, 57, 58, 56, 57, 58, 56, 55, 60, 3, 15, 16, 17, 19, 20, 25, 26, 16, 17, 19, 22, 23, 25, 26, 16, 17, 19, 22, 23, 25, 27, 28, 16, 17, 19, 22, 23, 25, 27, 16, 29, 67, 15, 16, 17, 19, 20, 25, 27, 28, 16, 17, 19, 22, 23, 25, 27, 16, 29]"
140,MyRectangle,OOP_prepared,"[122, 5, 6, 5, 6, 41, 42, 43, 123, 112, 103, 9, 15, 5, 6, 28, 29, 103, 9, 15, 5, 6, 28, 29]"
141,MyRectangle,OOP_prepared,"[121, 5, 6, 122, 5, 6, 123, 28, 29]"
142,MyRectangle,OOP_prepared,"[122, 5, 6, 5, 6, 41, 42, 43, 123, 112, 103, 9, 15, 5, 6, 28, 29, 103, 9, 15, 5, 6, 28, 29, 124, 115, 103, 9, 15, 5, 6, 28, 29, 103, 9, 15, 5, 6, 28, 29]"
143,MyRectangle,OOP_prepared,"[122, 41, 44, 45, 5, 6, 46, 5, 6, 123, 109, 36, 100, 9, 15, 5, 6, 36, 36, 103, 9, 15, 5, 6, 36]"
144,MyRectangle,OOP_prepared,"[121, 41, 44, 48, 5, 6, 49, 5, 6, 122, 76, 24, 25, 123, 94, 24, 25, 124, 112, 103, 9, 15, 5, 6, 28, 29, 103, 9, 15, 5, 6, 28, 29, 125, 115, 103, 9, 15, 5, 6, 28, 29, 103, 9, 15, 5, 6, 28, 29]"
145,MyTime,OOP_prepared,"[74, 5, 6, 7, 75, 33, 34, 35, 39, 76, 52, 53, 55, 77, 33, 34, 35, 39]"
146,MyTime,OOP_prepared,"[74, 5, 6, 7, 75, 52, 53, 54, 46, 47, 48, 42, 43, 49, 55, 76, 33, 34, 35, 39]"
147,MyTime,OOP_prepared,"[74, 5, 6, 7, 75, 28, 29, 30, 76, 33, 34, 35, 39]"
148,MyTime,OOP_prepared,"[74, 5, 6, 7, 75, 68, 69, 70, 62, 63, 64, 58, 59, 65, 71, 76, 33, 34, 35, 39]"
149,MyTime,OOP_prepared,"[82, 5, 6, 7, 83, 42, 43, 84, 62, 63, 65, 85, 52, 53, 55, 86, 33, 34, 35, 39]"
150,MyTriangle,OOP_prepared,"[87, 5, 6, 5, 6, 5, 6, 41, 42, 43, 44, 88, 69, 28, 29, 28, 29, 28, 29]"
151,MyTriangle,OOP_prepared,"[87, 5, 6, 88, 12, 89, 18, 90, 9, 91, 15, 92, 28, 30, 33]"
152,MyTriangle,OOP_prepared,"[87, 5, 6, 5, 6, 5, 6, 41, 42, 43, 44, 88, 69, 28, 29, 28, 29, 28, 29, 89, 72, 28, 29, 73, 28, 29, 74, 28, 29, 75, 77, 80]"
153,MyTriangle,OOP_prepared,"[87, 41, 46, 5, 6, 47, 5, 6, 48, 5, 6, 88, 69, 28, 29, 28, 29, 28, 29, 89, 72, 28, 29, 73, 28, 29, 74, 28, 29, 75, 77, 80]"
154,MyTriangle,OOP_prepared,"[87, 5, 6, 5, 6, 5, 6, 41, 42, 43, 44, 88, 69, 28, 29, 28, 29, 28, 29, 89, 72, 28, 29, 73, 28, 29, 74, 28, 29, 75, 77, 78]"
155,Player,OOP_prepared,"[60, 6, 7, 8, 61, 38, 39, 40, 41, 62, 55, 11, 14, 56, 17, 20, 57, 23, 26, 63, 34]"
156,Player,OOP_prepared,"[60, 38, 39, 40, 41, 61, 44, 45, 62]"
157,Player,OOP_prepared,"[60, 38, 39, 40, 41, 61, 48, 62]"
158,Player,OOP_prepared,"[68, 6, 7, 8, 69, 38, 39, 40, 41, 70, 51, 11, 17, 23, 52]"
159,Player,OOP_prepared,"[61, 6, 7, 8, 62, 38, 39, 40, 41, 63, 55, 11, 14, 56, 17, 20, 57, 23, 26, 64, 34]"
160,Point3D,OOP_prepared,"[58, 35, 3, 4, 36, 59, 47, 23, 24, 48, 60, 54, 8, 16]"
161,Point3D,OOP_prepared,"[58, 3, 4, 59, 23, 24, 60, 27]"
162,Point3D,OOP_prepared,"[58, 35, 3, 4, 36, 59, 51, 8, 16]"
163,Point3D,OOP_prepared,"[58, 35, 3, 4, 36, 59, 47, 23, 24, 48, 60, 54, 8, 16]"
164,Point3D,OOP_prepared,"[58, 35, 3, 4, 36, 59, 44, 60, 54, 8, 16]"
165,Rectangle,OOP_prepared,"[28, 3, 4, 29, 19]"
166,Rectangle,OOP_prepared,"[29, 3, 4, 30, 10, 31, 16, 32, 22]"
167,Rectangle,OOP_prepared,"[29, 3, 4, 30, 25]"
168,Rectangle,OOP_prepared,"[28, 3, 4, 29, 10, 30, 19]"
169,Rectangle,OOP_prepared,"[29, 3, 4, 30, 22]"
170,Resizable,OOP_prepared,"[50, 15, 51, 26, 52, 32, 53, 29]"
171,Resizable,OOP_prepared,"[50, 15, 51, 26, 52, 32, 53, 29, 55, 41, 15, 56, 44, 26, 57, 47, 58, 44, 26]"
172,Resizable,OOP_prepared,"[50, 15, 51, 26, 52, 32, 53, 29, 55, 41, 15, 56, 44, 26, 57, 47, 58, 44, 26, 60, 61, 44, 26, 62, 32, 63, 29]"
173,Resizable,OOP_prepared,"[50, 41, 15, 51, 47, 52, 44, 26, 53, 29, 54, 32]"
174,Resizable,OOP_prepared,"[50, 41, 15, 51, 44, 26, 52, 47, 53, 44, 26, 55, 15, 56, 23, 57, 29, 58, 32]"
175,Shape_2,OOP_prepared,"[96, 32, 5, 6, 33, 97, 36]"
176,Shape_2,OOP_prepared,"[96, 50, 5, 6, 51, 52, 97, 67, 98, 70, 99, 73, 27]"
177,Shape_2,OOP_prepared,"[96, 32, 5, 6, 33, 97, 36, 98, 39, 99, 42, 27]"
178,Shape_2,OOP_prepared,"[96, 78, 50, 5, 6, 51, 52, 97, 12, 98, 67, 99, 9, 100, 92, 73, 27]"
179,Shape_2,OOP_prepared,"[96, 50, 5, 6, 51, 52, 97, 64, 98, 58, 99, 67, 100, 70, 101, 73, 27]"
180,Shape,OOP_prepared,"[95, 26, 5, 6, 27, 96, 39, 21, 97, 30, 98, 33]"
181,Shape,OOP_prepared,"[86, 44, 5, 6, 45, 46, 87, 67, 21, 88, 61, 89, 64]"
182,Shape,OOP_prepared,"[86, 26, 5, 6, 27, 87, 39, 21, 88, 30, 89, 33]"
183,Shape,OOP_prepared,"[86, 72, 44, 5, 6, 45, 46, 87, 82, 67, 21, 88, 61, 89, 64]"
184,Shape,OOP_prepared,"[86, 26, 5, 6, 27, 87, 36, 88, 39, 21, 89, 30, 90, 33]"
185,SubClasses,OOP_prepared,"[87, 54, 3, 4, 55, 56, 57, 88, 84, 23]"
186,SubClasses,OOP_prepared,"[88, 3, 4, 89, 12, 90, 20, 91, 23]"
187,SubClasses,OOP_prepared,"[87, 28, 3, 4, 29, 30, 88, 49, 23]"
188,SubClasses,OOP_prepared,"[88, 54, 3, 4, 55, 56, 57, 89, 84, 23]"
189,SubClasses,OOP_prepared,"[88, 28, 3, 4, 29, 30, 89, 38, 90, 46, 91, 49, 23]"
190,TestBigInteger,OOP_prepared,"[9, 10, 11]"
191,TestBigInteger,OOP_prepared,"[9, 10, 11]"
192,TestBigInteger,OOP_prepared,"[9, 4, 5, 6]"
193,TestBigInteger,OOP_prepared,"[9, 4, 5, 6]"
194,TestBigInteger,OOP_prepared,"[9, 10, 11, 4, 5, 6]"
195,Time,OOP_prepared,"[66, 5, 6, 7, 67, 33, 34, 42, 57, 58, 59, 63]"
196,Time,OOP_prepared,"[66, 5, 6, 7, 67, 33, 34, 35, 36, 37, 38, 39, 40, 41, 42, 57, 58, 59, 63, 68, 45, 46, 47, 48, 49, 50, 51, 52, 53, 54, 57, 58, 59, 63]"
197,Time,OOP_prepared,"[66, 5, 6, 7, 67, 28, 29, 30, 68, 57, 58, 59, 63]"
198,Time,OOP_prepared,"[66, 5, 6, 7, 67, 13, 68, 19, 69, 25, 70, 45, 46, 54, 57, 58, 59, 63]"
199,Time,OOP_prepared,"[67, 5, 6, 7, 68, 28, 29, 30, 69, 33, 34, 42, 57, 58, 59, 63]"
