HumanEval_ID,Name,FunctionCall,Predicted,Actual,Matched,Distance
HumanEval/0,has_close_elements,"[1.0, 2.0, 3.9, 4.0, 5.0, 2.2], 0.3","[14, 15, 16, 17, 18, 15, 16, 17, 18, 15, 16, 17, 18, 15, 16, 17, 18, 15, 16, 17, 18, 14, 15, 16, 17, 18, 15, 16, 17, 18, 15, 16, 17, 18, 15, 16, 17, 18, 15, 16, 17, 18, 19]","[14, 15, 16, 15, 16, 17, 18, 15, 16, 17, 18, 15, 16, 17, 18, 15, 16, 17, 18, 15, 16, 17, 18, 15, 14, 15, 16, 17, 18, 15, 16, 15, 16, 17, 18, 15, 16, 17, 18, 15, 16, 17, 18, 15, 16, 17, 18, 19]",False,0.5674931129476584
HumanEval/1,separate_paren_groups,"('( ) (( )) (( )( ))',)","[14, 15, 16, 18, 19, 20, 21, 18, 19, 22, 18, 19, 22, 23, 24, 26, 27, 28, 18, 19, 20, 21, 18, 19, 20, 21, 18, 19, 22, 23, 24, 26, 27, 28, 18, 19, 20, 21, 18, 19, 20, 21, 18, 19, 22, 23, 24, 18, 19, 22, 23, 24, 26, 27, 28, 18, 30]","[14, 15, 16, 18, 19, 20, 21, 18, 19, 22, 18, 19, 22, 23, 24, 26, 27, 28, 18, 19, 22, 18, 19, 20, 21, 18, 19, 20, 21, 18, 19, 22, 18, 19, 22, 23, 24, 26, 18, 19, 22, 23, 24, 26, 27, 28, 18, 19, 22, 18, 19, 20, 21, 18, 19, 20, 21, 18, 19, 22, 18, 19, 22, 23, 24, 26, 18, 19, 20, 21, 18, 19, 22, 18, 19, 22, 23, 24, 26, 18, 19, 22, 23, 24, 26, 27, 28, 18, 30]",False,0.5042881646655232
HumanEval/10,make_palindrome,'x',"[22, 25, 27, 6, 30]","[22, 25, 27, 6, 30]",True,1.0
HumanEval/100,make_a_pile,"(3,)",[18],"[18, 18, 18, 18, 18]",False,0.30434782608695654
HumanEval/101,words_string,"""One, two, three, four, five, six""","[13, 16, 18, 19, 22, 18, 19, 22, 18, 19, 22, 18, 19, 20, 18, 19, 22, 18, 19, 22, 18, 19, 22, 18, 19, 22, 18, 19, 20, 18, 19, 22, 18, 19, 22, 18, 19, 22, 18, 19, 22, 18, 19, 22, 18, 19, 20, 18, 19, 22, 18, 19, 22, 18, 19, 22, 18, 19, 22, 18, 19, 22, 18, 19, 20, 18, 19, 22, 18, 19, 22, 18, 19, 22, 18, 19, 22, 18, 19, 22, 18, 24, 25]","[13, 16, 18, 19, 22, 18, 19, 22, 18, 19, 22, 18, 19, 20, 18, 19, 22, 18, 19, 22, 18, 19, 22, 18, 19, 22, 18, 19, 20, 18, 19, 22, 18, 19, 22, 18, 19, 22, 18, 19, 22, 18, 19, 22, 18, 19, 22, 18, 19, 20, 18, 19, 22, 18, 19, 22, 18, 19, 22, 18, 19, 22, 18, 19, 22, 18, 19, 20, 18, 19, 22, 18, 19, 22, 18, 19, 22, 18, 19, 22, 18, 19, 22, 18, 19, 20, 18, 19, 22, 18, 19, 22, 18, 19, 22, 18, 19, 22, 18, 24, 25]",False,0.9020408163265307
HumanEval/102,choose_num,"7, 7","[13, 15, 17, 18]","[13, 15, 17, 18]",True,1.0
HumanEval/103,rounded_avg,"1, 5","[15, 17, 18, 19, 18, 19, 18, 19, 18, 19, 18, 20]","[15, 17, 18, 19, 18, 19, 18, 19, 18, 19, 18, 19, 18, 20]",False,0.9223300970873787
HumanEval/104,unique_digits,"[12345, 2033, 111, 151]","[16, 17, 18, 17, 18, 17, 18, 19, 17, 18, 19, 17, 20]","[16, 17, 18, 18, 18, 17, 18, 18, 17, 18, 18, 18, 18, 18, 19, 17, 18, 18, 18, 18, 18, 19, 17, 20]",False,0.7006802721088435
HumanEval/105,by_length,"[2, 1, 1, 4, 5, 8, 2, 3]","[26, 37, 38, 39, 40, 41, 39, 40, 41, 39, 40, 41, 39, 40, 41, 39, 40, 41, 39, 40, 41, 39, 40, 41, 39, 40, 41, 44]","[27, 28, 29, 30, 31, 32, 33, 34, 35, 26, 37, 38, 39, 40, 41, 39, 40, 41, 39, 40, 41, 39, 40, 41, 39, 40, 41, 39, 40, 41, 39, 40, 41, 39, 40, 41, 39, 44]",False,0.10266159695817491
HumanEval/106,f,5,"[13, 14, 15, 20, 21, 22, 14, 15, 16, 17, 17, 18, 14, 15, 20, 21, 21, 21, 22, 14, 15, 16, 17, 17, 17, 17, 18, 14, 15, 20, 21, 21, 21, 21, 21, 22, 23]","[13, 14, 15, 20, 21, 21, 22, 14, 15, 16, 17, 17, 17, 18, 14, 15, 20, 21, 21, 21, 21, 22, 14, 15, 16, 17, 17, 17, 17, 17, 18, 14, 15, 20, 21, 21, 21, 21, 21, 21, 22, 14, 23]",False,0.9216300940438872
HumanEval/107,even_odd_palindrome,3,"[30, 31, 33, 34, 28, 35, 33, 34, 36, 28, 37, 33, 34, 28, 35, 33, 38]","[27, 30, 31, 33, 34, 28, 35, 33, 34, 36, 28, 37, 33, 34, 28, 35, 33, 38]",False,0.9712230215827338
HumanEval/108,count_nums,"[-1, -2, 0]","[20, 14, 15, 16, 17, 18, 19, 14, 15, 16, 17, 18, 19, 14, 15, 17, 18, 19, 20]","[14, 20, 20, 15, 16, 17, 17, 17, 18, 19, 20, 15, 16, 17, 17, 17, 18, 19, 20, 15, 16, 17, 17, 17, 18, 19, 20, 20, 20, 20]",False,0.39487179487179486
HumanEval/109,move_one_ball,"[4, 3, 1, 2]","[31, 33, 34, 36, 37, 38, 39, 40, 40, 40, 41]","[31, 33, 34, 36, 37, 38, 39, 40, 39, 40, 39, 40, 41]",False,0.9157894736842105
HumanEval/11,string_xor,"('1', '1')","[18, 12, 13, 14, 18]","[12, 18, 18, 13, 14, 18]",False,0.8837209302325582
HumanEval/110,exchange,"[3, 2, 6, 1, 8, 9], [3, 5, 5, 1, 1, 1]","[17, 18, 19, 20, 21, 19, 20, 19, 20, 19, 20, 21, 19, 20, 19, 20, 21, 22, 23, 22, 23, 22, 23, 22, 23, 22, 23, 22, 23, 25, 27]","[17, 18, 19, 20, 21, 19, 20, 19, 20, 19, 20, 21, 19, 20, 19, 20, 21, 19, 22, 23, 22, 23, 22, 23, 22, 23, 22, 23, 22, 23, 22, 25, 27]",False,0.611764705882353
HumanEval/111,histogram,'a b b a',"[17, 18, 19, 21, 22, 23, 21, 22, 21, 22, 21, 22, 24, 25, 26, 28, 25, 26, 28, 25, 26, 28, 25, 26, 28, 29]","[17, 18, 19, 21, 22, 23, 21, 22, 21, 22, 21, 22, 21, 24, 25, 26, 28, 25, 26, 28, 25, 26, 28, 25, 26, 28, 25, 29]",False,0.9627906976744186
HumanEval/112,reverse_delete,"('abcdedcba', '')","[15, 16]","[15, 15, 15, 15, 15, 15, 15, 15, 15, 15, 15, 16]",False,0.2727272727272727
HumanEval/113,odd_count,['1234567'],"[16, 17, 18, 19, 20]","[16, 17, 18, 18, 18, 18, 18, 18, 18, 18, 18, 19, 17, 20]",False,0.52
HumanEval/114,minSubArraySum,"[1, -1]","[12, 13, 14, 15, 16, 17, 18, 14, 15, 16, 18, 19, 21, 22]","[12, 13, 14, 15, 16, 17, 18, 14, 15, 16, 18, 14, 19, 21, 22]",False,0.9652173913043478
HumanEval/115,max_fill,"([[1, 1, 1, 1], [1, 1, 1, 1]], 9)","[4, 39]","[4, 5, 39, 39, 39, 39]",False,0.4642857142857143
HumanEval/116,sort_array,"([1, 5, 2, 3, 4],)",[15],"[15, 15, 15, 15, 15, 15]",False,0.25925925925925924
HumanEval/117,select_words,"""simple white space"", 2","[17, 18, 19, 20, 21, 22, 20, 21, 20, 21, 22, 20, 21, 22, 20, 21, 22, 20, 21, 23, 19, 20, 21, 22, 20, 21, 22, 20, 21, 20, 21, 22, 20, 21, 23, 19, 20, 21, 22, 20, 21, 22, 20, 21, 20, 21, 22, 20, 21, 23, 25]","[17, 18, 19, 20, 21, 22, 20, 21, 20, 21, 22, 20, 21, 22, 20, 21, 22, 20, 21, 20, 23, 18, 19, 20, 21, 22, 20, 21, 22, 20, 21, 20, 21, 22, 20, 21, 20, 23, 18, 19, 20, 21, 22, 20, 21, 22, 20, 21, 20, 21, 22, 20, 21, 20, 23, 18, 25]",False,0.9443155452436195
HumanEval/118,get_closest_vowel,"""easy""","[19, 22, 23, 24, 25, 23, 24, 25, 26]","[19, 22, 23, 24, 23, 24, 25, 23, 27]",False,0.7605633802816901
HumanEval/119,match_parens,"(['(()(', '()))()'],)","[30, 31, 32, 20, 21, 22, 23, 21, 22, 23, 21, 22, 23, 21, 22, 23, 21, 22, 25, 21, 22, 25, 21, 22, 25, 21, 22, 25, 21, 22, 23, 21, 22, 25, 21, 28, 32]","[19, 30, 31, 32, 20, 21, 22, 23, 26, 21, 22, 23, 26, 21, 22, 25, 26, 21, 22, 23, 26, 21, 22, 23, 26, 21, 22, 25, 26, 21, 22, 25, 26, 21, 22, 25, 26, 21, 22, 23, 26, 21, 22, 25, 26, 21, 28]",False,0.23283582089552238
HumanEval/12,longest,"['x', 'yyy', 'zzzz', 'www', 'kkkk', 'abc']","[16, 19, 20, 21, 20, 21, 20, 21, 22]","[16, 19, 19, 19, 19, 19, 19, 19, 19, 20, 21, 20, 21, 20, 21, 22]",False,0.7171717171717171
HumanEval/120,maximum,"[-3, -4, 5], 3","[29, 31, 32, 33]","[29, 31, 32, 33]",True,1.0
HumanEval/121,solution,"([30, 13, 24, 321],)",[13],"[13, 13, 13, 13, 13, 13]",False,0.25925925925925924
HumanEval/122,add_elements,"([1, None, None, 41, 57, 76, 87, 88, 99], 3)",[18],"[18, 18, 18, 18, 18]",False,0.30434782608695654
HumanEval/123,get_odd_collatz,5,"[21, 24, 25, 26, 29, 31, 25, 26, 27, 31, 25, 26, 27, 31, 25, 26, 27, 31, 25, 26, 27, 31, 25, 26, 27, 31, 32, 25, 34]","[21, 24, 25, 26, 29, 31, 25, 26, 27, 31, 25, 26, 27, 31, 25, 26, 27, 31, 25, 26, 27, 31, 32, 25, 34]",False,0.9255813953488372
HumanEval/124,valid_date,'04-0-2040',"[24, 25, 26, 27, 28, 30, 32, 33]","[24, 25, 26, 27, 28, 30, 32, 33]",True,1.0
HumanEval/125,split_words,"""aaaBb""","[14, 16, 18, 19]","[14, 16, 19, 19, 19, 19, 19, 19, 19]",False,0.5882352941176471
HumanEval/126,is_sorted,"[1, 2, 3, 4]","[20, 21, 22, 21, 22, 21, 22, 21, 22, 23, 25, 26]","[20, 20, 20, 20, 20, 20, 21, 22, 21, 22, 21, 22, 21, 22, 21, 23, 23, 23, 23, 23, 23, 25, 25, 25, 25, 25, 26]",False,0.6129032258064516
HumanEval/127,intersection,"((1, 2), (1, 2))","[34, 35, 36, 37, 25, 26, 39]","[24, 34, 35, 36, 37, 25, 26, 39]",False,0.9322033898305084
HumanEval/128,prod_signs,"([],)",[16],[16],True,1.0
HumanEval/129,minPath,"[[1, 2], [3, 4]], 10","[34, 35, 36, 37, 38, 39, 40, 43, 46, 47, 49, 50, 52, 37, 38, 36, 37, 38, 37, 38, 54, 55, 56, 57, 55, 56, 59, 55, 56, 57, 55, 56, 59, 55, 56, 57, 55, 56, 59, 55, 56, 57, 55, 56, 59, 55, 56, 57, 55, 56, 59, 55, 56, 57, 55, 56, 59, 60]","[34, 35, 36, 37, 38, 39, 40, 43, 46, 47, 49, 50, 52, 37, 38, 37, 36, 37, 38, 37, 38, 37, 36, 54, 55, 56, 57, 55, 56, 59, 55, 56, 57, 55, 56, 59, 55, 56, 57, 55, 56, 59, 55, 56, 57, 55, 56, 59, 55, 56, 57, 55, 56, 59, 55, 60]",False,0.378021978021978
HumanEval/13,greatest_common_divisor,"(144, 60)","[12, 13, 12, 13, 12, 13, 12, 14]","[12, 13, 12, 13, 12, 13, 12, 14]",True,1.0
HumanEval/130,tri,8,"[21, 23, 24, 25, 26, 24, 25, 28, 24, 25, 26, 24, 25, 28, 24, 25, 26, 24, 25, 28, 24, 25, 26, 29]","[21, 23, 24, 25, 26, 24, 25, 28, 24, 25, 26, 24, 25, 28, 24, 25, 26, 24, 25, 28, 24, 25, 26, 24, 29]",False,0.9794871794871794
HumanEval/131,digits,5,"[12, 13, 14, 15, 16, 17, 18, 14, 19, 21, 22]","[12, 13, 14, 15, 16, 17, 18, 14, 19, 22]",False,0.9518072289156626
HumanEval/132,is_nested,']]]]]]]]',"[17, 18, 19, 20, 22, 23, 19, 20, 22, 23, 19, 20, 22, 23, 19, 20, 22, 23, 19, 20, 22, 23, 19, 20, 22, 23, 19, 20, 22, 23, 19, 20, 22, 23, 24, 25, 26, 27, 28, 32]","[17, 18, 19, 20, 23, 19, 20, 23, 19, 20, 23, 19, 20, 23, 19, 20, 23, 19, 20, 23, 19, 20, 23, 19, 20, 23, 19, 24, 25, 26, 27, 28, 32]",False,0.29553264604810997
HumanEval/133,sum_squares,[-1],"[18, 19, 20, 21, 20, 22]","[18, 19, 20, 21, 20, 22]",True,1.0
HumanEval/134,check_if_last_char_is_a_letter,"('Pumpkin pie ',)","[18, 19]","[18, 19]",True,1.0
HumanEval/135,can_arrange,"[4,8,5,7,3]","[14, 15, 16, 17, 19, 16, 17, 18, 19, 16, 17, 19, 16, 17, 18, 19, 16, 20]","[14, 15, 16, 17, 19, 16, 17, 18, 19, 16, 17, 19, 16, 17, 18, 19, 16, 20]",True,1.0
HumanEval/136,largest_smallest_integers,"([],)","[16, 17, 18]","[16, 17, 18]",True,1.0
HumanEval/137,compare_one,"""1"", ""2""","[16, 17, 18, 19, 20]","[16, 17, 18, 19, 20]",True,1.0
HumanEval/138,is_equal_to_sum_even,"(6,)",[11],[11],True,1.0
HumanEval/139,special_factorial,5,"[16, 17, 18, 19, 20, 18, 19, 20, 18, 19, 20, 18, 19, 20, 18, 19, 20, 18, 21]","[16, 17, 18, 19, 20, 18, 19, 20, 18, 19, 20, 18, 19, 20, 18, 19, 20, 18, 21]",True,1.0
HumanEval/14,all_prefixes,'asdfgh',"[11, 13, 14, 13, 14, 13, 14, 13, 14, 13, 14, 13, 14, 13, 15]","[11, 13, 14, 13, 14, 13, 14, 13, 14, 13, 14, 13, 14, 13, 15]",True,1.0
HumanEval/140,fix_spaces,"""Exa   mple""","[15, 16, 17, 18, 19, 21, 26, 27, 28, 29, 18, 19, 21, 26, 27, 28, 29, 18, 19, 21, 26, 27, 28, 29, 18, 19, 20, 29, 18, 19, 20, 29, 18, 19, 20, 29, 18, 19, 21, 22, 23, 28, 29, 18, 19, 21, 26, 27, 28, 29, 18, 19, 21, 26, 27, 28, 29, 18, 19, 21, 26, 27, 28, 29, 18, 30, 32, 34]","[15, 16, 17, 18, 19, 22, 24, 27, 28, 29, 18, 19, 22, 24, 27, 28, 29, 18, 19, 22, 24, 27, 28, 29, 18, 19, 20, 29, 18, 19, 20, 29, 18, 19, 20, 29, 18, 19, 22, 23, 28, 29, 18, 19, 22, 24, 27, 28, 29, 18, 19, 22, 24, 27, 28, 29, 18, 19, 22, 24, 27, 28, 29, 18, 30, 32, 34]",False,0.08905380333951762
HumanEval/141,file_name_check,'Is3youfault.txt',"[18, 19, 20, 22, 24, 26, 28, 29, 31]","[18, 19, 20, 22, 24, 26, 28, 28, 28, 28, 28, 28, 28, 28, 28, 28, 28, 28, 28, 29, 31]",False,0.5966386554621849
HumanEval/142,sum_squares,"[1,2,3]","[17, 18, 19, 20, 18, 19, 21, 23, 24, 18, 19, 21, 23, 24, 18, 25]","[17, 18, 19, 20, 18, 19, 21, 24, 18, 19, 21, 24, 18, 25]",False,0.9327731092436975
HumanEval/143,words_in_sentence,"""here""","[24, 25, 26, 27, 29, 30, 31, 29, 30, 32, 34]","[24, 25, 26, 27, 29, 30, 31, 29, 30, 29, 32, 25, 34]",False,0.9157894736842105
HumanEval/144,simplify,"""5/2"", ""3/5""","[16, 17, 18, 19, 20, 22]","[16, 17, 18, 19, 20, 22]",True,1.0
HumanEval/145,order_by_points,"[1234,423,463,145,2,423,423,53,6,37,3457,3,56,0,46]","[21, 15, 16, 17, 18, 19, 20, 15, 16, 17, 18, 19, 20, 15, 16, 17, 18, 19, 20, 15, 16, 17, 18, 19, 20, 15, 16, 17, 18, 19, 20, 15, 16, 17, 18, 19, 20, 15, 16, 17, 18, 19, 20, 15, 16, 17, 18, 19, 20, 15, 16, 17, 18, 19, 20, 15, 16, 17, 18, 19, 20, 15, 16, 17, 18, 19, 20, 15, 16, 17, 18, 19, 20, 15, 16, 17, 18, 19, 20, 15, 16, 17, 18, 19, 20, 21]","[15, 21, 16, 17, 18, 18, 18, 18, 18, 18, 19, 20, 16, 17, 18, 18, 18, 18, 18, 19, 20, 16, 17, 18, 18, 18, 18, 18, 19, 20, 16, 17, 18, 18, 18, 18, 18, 19, 20, 16, 17, 18, 18, 18, 19, 20, 16, 17, 18, 18, 18, 18, 18, 19, 20, 16, 17, 18, 18, 18, 18, 18, 19, 20, 16, 17, 18, 18, 18, 18, 19, 20, 16, 17, 18, 18, 18, 19, 20, 16, 17, 18, 18, 18, 18, 19, 20, 16, 17, 18, 18, 18, 18, 18, 18, 19, 20, 16, 17, 18, 18, 18, 19, 20, 16, 17, 18, 18, 18, 18, 19, 20, 16, 17, 18, 18, 18, 19, 20, 16, 17, 18, 18, 18, 18, 19, 20]",False,0.004700352526439483
HumanEval/146,specialFilter,"[33, -2, -3, 45, 21, 109]","[13, 14, 15, 16, 17, 18, 19, 14, 15, 14, 15, 14, 15, 16, 17, 18, 14, 15, 16, 17, 18, 14, 15, 16, 17, 18, 19, 14, 21]","[13, 14, 15, 16, 17, 18, 19, 14, 15, 14, 15, 14, 15, 16, 17, 18, 14, 15, 16, 17, 18, 14, 15, 16, 17, 18, 19, 14, 21]",True,1.0
HumanEval/147,get_max_triples,5,"[18, 19, 20, 21, 22, 23, 22, 23, 22, 23, 21, 22, 23, 24, 22, 23, 21, 22, 23, 20, 21, 22, 23, 22, 23, 21, 22, 23, 20, 21, 22, 23, 22, 23, 21, 22, 23, 20, 21, 22, 23, 25]","[18, 18, 18, 18, 18, 18, 18, 19, 20, 21, 22, 23, 22, 23, 22, 23, 22, 21, 22, 23, 24, 22, 23, 22, 21, 22, 23, 22, 21, 22, 21, 20, 21, 22, 23, 22, 23, 22, 21, 22, 23, 22, 21, 22, 21, 20, 21, 22, 23, 22, 21, 22, 21, 20, 21, 22, 21, 20, 21, 20, 25]",False,0.6690997566909975
HumanEval/148,bf,"""Earth"", ""Mercury""","[20, 21, 23, 24, 25, 27, 28]","[20, 21, 23, 24, 25, 28]",False,0.9215686274509803
HumanEval/149,sorted_list_sum,"['aaaa', 'bbbb', 'dd', 'cc']","[19, 20, 21, 22, 23, 21, 22, 23, 21, 22, 23, 21, 22, 23, 21, 24]","[19, 20, 21, 22, 23, 21, 22, 23, 21, 22, 23, 21, 22, 23, 21, 24]",True,1.0
HumanEval/15,string_sequence,"(0,)",[12],"[12, 12, 12]",False,0.4666666666666667
HumanEval/150,x_or_y,"6, 34, 1234","[13, 15, 16, 17]","[13, 15, 16, 17]",True,1.0
HumanEval/151,double_the_difference,"([0.1, 0.2, 0.3],)",[16],"[16, 16, 16, 16, 16]",False,0.30434782608695654
HumanEval/152,compare,"([0, 0, 0, 0, 0, 0], [0, 0, 0, 0, 0, 0])",[19],"[19, 19, 19, 19, 19, 19, 19, 19]",False,0.2
HumanEval/153,Strongest_Extension,"'finNNalLLly', ['Die', 'NowW', 'Wow', 'WoW']","[21, 22, 23, 24, 25, 26, 27, 23, 24, 25, 23, 24, 25, 26, 27, 23, 29, 30]","[21, 22, 22, 22, 22, 22, 22, 22, 22, 22, 23, 24, 24, 24, 24, 24, 24, 24, 24, 24, 25, 23, 24, 24, 24, 24, 24, 24, 24, 24, 24, 24, 24, 25, 26, 27, 23, 24, 24, 24, 24, 24, 24, 24, 24, 24, 25, 23, 24, 24, 24, 24, 24, 24, 24, 24, 24, 25, 26, 27, 23, 29, 30]",False,0.44272445820433437
HumanEval/154,cycpattern_check,"""abab"",""aabb""","[14, 15, 16, 17, 18, 17, 18, 17, 18, 17, 18, 17, 18, 16, 20]","[14, 15, 16, 17, 18, 17, 18, 17, 18, 17, 18, 17, 18, 17, 16, 20]",False,0.967479674796748
HumanEval/155,even_odd_count,-78,"[11, 12, 13, 14, 17, 13, 14, 15, 13, 18]","[11, 12, 13, 14, 17, 13, 14, 15, 13, 18]",True,1.0
HumanEval/156,int_to_mini_roman,900,"[15, 16, 17, 18, 19, 20, 21, 22, 23, 24, 27, 21, 22, 23, 24, 25, 26, 24, 27, 21, 28]","[15, 17, 19, 20, 21, 22, 23, 24, 27, 21, 22, 23, 24, 25, 26, 24, 27, 21, 28]",False,0.949685534591195
HumanEval/157,right_angle_triangle,"(1, 2, 3)",[14],[14],True,1.0
HumanEval/158,find_max,"(['name', 'of', 'string'],)",[14],"[14, 14, 14, 14]",False,0.3684210526315789
HumanEval/159,eat,"(5, 6, 10)","[33, 34]","[33, 34]",True,1.0
HumanEval/16,count_distinct_characters,"('Jerry jERRY JeRRRY',)",[12],[12],True,1.0
HumanEval/160,do_algebra,"['**', '*', '+'], [2, 3, 4, 5]","[29, 30, 31, 30, 31, 30, 31, 30, 32]","[29, 30, 31, 30, 31, 30, 31, 30, 32, 1]",False,0.9594594594594594
HumanEval/161,solve,"""#a@C""","[15, 16, 17, 18, 19, 22, 18, 19, 20, 21, 22, 18, 19, 22, 18, 19, 20, 21, 22, 23, 24, 25, 24, 25, 24, 25, 24, 25, 26, 28]","[15, 16, 17, 18, 19, 22, 18, 19, 20, 21, 22, 18, 19, 22, 18, 19, 20, 21, 22, 18, 23, 24, 25, 24, 25, 24, 25, 24, 25, 24, 26, 28]",False,0.9676113360323887
HumanEval/162,string_to_md5,"('Hello world',)","[11, 12]","[11, 12]",True,1.0
HumanEval/163,generate_integers,"(2, 10)","[14, 15, 17]","[14, 15, 17, 17, 17, 17, 17, 17, 17, 17, 17]",False,0.41818181818181815
HumanEval/17,parse_music,"('o| o| .| .| o o o o',)","[19, 20]","[19, 20, 20, 20, 20, 20, 20, 20, 20, 20, 20]",False,0.29411764705882354
HumanEval/18,how_many_times,"'john doe', 'john'","[14, 16, 17, 18, 16, 17, 16, 17, 16, 17, 16, 17, 20]","[14, 16, 17, 18, 16, 17, 16, 17, 16, 17, 16, 17, 16, 20]",False,0.9626168224299065
HumanEval/19,sort_numbers,'five zero four seven nine eight',"[13, 25]","[14, 15, 16, 17, 18, 19, 20, 21, 22, 23, 13, 25, 25, 25, 25, 25, 25, 25, 25, 25, 25, 25, 25, 25, 25]",False,0.14018691588785046
HumanEval/2,truncate_number,"(3.5,)",[14],[14],True,1.0
HumanEval/20,find_closest_elements,"[1.1, 2.2, 3.1, 4.1, 5.1]","[14, 15, 17, 18, 19, 18, 19, 20, 21, 22, 18, 19, 20, 23, 24, 25, 18, 19, 20, 23, 24, 25, 18, 19, 20, 23, 24, 25, 17, 18, 19, 20, 23, 24, 25, 18, 19, 20, 23, 24, 25, 18, 19, 20, 23, 24, 25, 18, 19, 20, 23, 24, 25, 17, 18, 19, 20, 23, 24, 25, 18, 19, 20, 23, 24, 25, 18, 19, 20, 23, 24, 25, 18, 19, 20, 23, 24, 25, 17, 18, 19, 20, 23, 24, 25, 18, 19, 20, 23, 24, 25, 18, 19, 20, 23, 24, 25, 18, 19, 20, 23, 24, 25, 17, 18, 19, 20, 23, 24, 25, 18, 19, 20, 23, 24, 25, 18, 19, 20, 23, 24, 25, 18, 19, 20, 23, 24, 25, 29]","[14, 15, 17, 18, 19, 18, 19, 20, 21, 22, 18, 19, 20, 24, 25, 18, 19, 20, 24, 25, 18, 19, 20, 24, 25, 18, 17, 18, 19, 20, 24, 25, 18, 19, 18, 19, 20, 24, 25, 26, 27, 18, 19, 20, 24, 25, 18, 19, 20, 24, 25, 18, 17, 18, 19, 20, 24, 25, 18, 19, 20, 24, 25, 18, 19, 18, 19, 20, 24, 25, 18, 19, 20, 24, 25, 18, 17, 18, 19, 20, 24, 25, 18, 19, 20, 24, 25, 18, 19, 20, 24, 25, 18, 19, 18, 19, 20, 24, 25, 18, 17, 18, 19, 20, 24, 25, 18, 19, 20, 24, 25, 18, 19, 20, 24, 25, 18, 19, 20, 24, 25, 18, 19, 18, 17, 29]",False,0.26300294406280667
HumanEval/21,rescale_to_unit,"([2.0, 49.9],)","[12, 13, 14]","[12, 13, 14, 14, 14, 14]",False,0.6571428571428571
HumanEval/22,filter_integers,"([4, {}, [], 23.2, 9, 'adasd'],)","[13, 13, 13, 13, 13, 13, 13]","[13, 13, 13, 13, 13, 13, 13, 13]",False,0.9322033898305084
HumanEval/23,strlen,"('',)",[12],[12],True,1.0
HumanEval/24,largest_divisor,"(100,)","[10, 11, 10, 11, 10, 11, 10, 11, 10, 11, 10, 11, 10, 11, 10, 11, 10, 11, 10, 11, 10, 11, 10, 11, 10, 11, 10, 11, 10, 11, 10, 11, 10, 11, 10, 11, 10, 11, 10, 11, 10, 11, 10, 11, 10, 11, 10, 11, 10, 11, 10, 11, 10, 11, 10, 11, 10, 11, 10, 11, 10, 11, 10, 11, 10, 11, 10, 11, 10, 11, 10, 11, 10, 11, 10, 11, 10, 11, 10, 11, 10, 11, 10, 11, 10, 11, 10, 11, 10, 11, 10, 11, 10, 11, 10, 11, 10, 11, 12]","[10, 11, 10, 11, 10, 11, 10, 11, 10, 11, 10, 11, 10, 11, 10, 11, 10, 11, 10, 11, 10, 11, 10, 11, 10, 11, 10, 11, 10, 11, 10, 11, 10, 11, 10, 11, 10, 11, 10, 11, 10, 11, 10, 11, 10, 11, 10, 11, 10, 11, 10, 11, 10, 11, 10, 11, 10, 11, 10, 11, 10, 11, 10, 11, 10, 11, 10, 11, 10, 11, 10, 11, 10, 11, 10, 11, 10, 11, 10, 11, 10, 11, 10, 11, 10, 11, 10, 11, 10, 11, 10, 11, 10, 11, 10, 11, 10, 11, 10, 11, 12]",False,0.9899874843554443
HumanEval/25,factorize,3 * 19 * 3 * 19 * 3 * 19,"[17, 18, 19, 20, 21, 25, 20, 21, 22, 23, 20, 21, 22, 23, 20, 21, 22, 23, 20, 21, 25, ..., 20, 21, 22, 23, ..., 20, 27, 28, 29]","[17, 18, 19, 20, 21, 25, 20, 21, 22, 23, 20, 21, 22, 23, 20, 21, 22, 23, 20, 21, 25, 20, 21, 25, 20, 21, 25, 20, 21, 25, 20, 21, 25, 20, 21, 25, 20, 21, 25, 20, 21, 25, 20, 21, 25, 20, 21, 25, 20, 21, 25, 20, 21, 25, 20, 21, 25, 20, 21, 25, 20, 21, 25, 20, 21, 25, 20, 21, 22, 23, 20, 21, 22, 23, 20, 27, 28, 29]",False,0.4668192219679634
HumanEval/26,remove_duplicates,"([1, 2, 3, 2, 4, 3, 5],)","[12, 13, 14]","[12, 13, 14, 14, 14, 14, 14, 14, 14, 14, 14]",False,0.41818181818181815
HumanEval/27,flip_case,"('',)",[10],[10],True,1.0
HumanEval/28,concatenate,"([],)",[13],[13],True,1.0
HumanEval/29,filter_by_prefix,"(['xxx', 'asd', 'xxy', 'john doe', 'xxxAAA', 'xxx'], 'xxx')","[13, 13, 13, 13, 13, 13, 13, 13, 13, 13, 13, 13, 13, 13, 13, 13, 13]","[13, 13, 13, 13, 13, 13, 13, 13]",False,0.6363636363636364
HumanEval/3,below_zero,"[1, -2, 2, -2, 5, -5, 4, -4]","[15, 17, 18, 19, 17, 18, 19, 20]","[15, 17, 18, 19, 17, 18, 19, 20]",True,1.0
HumanEval/30,get_positive,"([],)",[12],"[12, 12]",False,0.6363636363636364
HumanEval/31,is_prime,1,"[22, 23]","[22, 23]",True,1.0
HumanEval/33,sort_third,"([5, 8, 3, 4, 6, 9, 2],)","[14, 15, 16]","[14, 15, 16]",True,1.0
HumanEval/34,unique,"([5, 3, 5, 2, 3, 3, 9, 0, 123],)",[10],[10],True,1.0
HumanEval/35,max_element,"[5, 3, -5, 2, -3, 3, 9, 0, 124, 1, -10]","[12, 13, 14, 13, 14, 13, 14, 13, 14, 13, 14, 13, 14, 15, 13, 14, 13, 14, 15, 13, 14, 13, 14, 16]","[12, 13, 14, 13, 14, 13, 14, 13, 14, 13, 14, 13, 14, 13, 14, 15, 13, 14, 13, 14, 15, 13, 14, 13, 14, 13, 16]",False,0.9408866995073891
HumanEval/36,fizz_buzz,79,"[14, 15, 16, 17, 15, 16, 17, 15, 16, 17, 15, 16, 17, 15, 16, 17, 15, 16, 17, 15, 16, 17, 15, 16, 17, 15, 16, 17, 15, 16, 17, 15, 16, 17, 15, 16, 17, 15, 16, 17, 15, 16, 17, 15, 16, 17, 15, 16, 17, 15, 16, 17, 15, 16, 17, 15, 16, 17, 15, 16, 17, 15, 16, 17, 15, 16, 17, 15, 16, 17, 15, 16, 17, 15, 16, 17, 15, 16, 17, 15, 16, 17, 15, 16, 17, 15, 16, 17, 18, 19, 20, 21, 20, 21, 20, 21, 20, 21, 20, 21, 20, 21, 20, 21, 20, 21, 20, 21, 20, 21, 20, 21, 20, 21, 20, 21, 20, 21, 20, 21, 20, 21, 20, 21, 22]","[14, 15, 16, 17, 15, 16, 15, 16, 15, 16, 15, 16, 15, 16, 15, 16, 15, 16, 15, 16, 15, 16, 15, 16, 15, 16, 17, 15, 16, 15, 16, 17, 15, 16, 15, 16, 15, 16, 15, 16, 15, 16, 15, 16, 15, 16, 15, 16, 15, 16, 17, 15, 16, 15, 16, 15, 16, 15, 16, 17, 15, 16, 15, 16, 15, 16, 15, 16, 15, 16, 15, 16, 15, 16, 17, 15, 16, 15, 16, 15, 16, 15, 16, 15, 16, 15, 16, 17, 15, 16, 15, 16, 15, 16, 15, 16, 15, 16, 17, 15, 16, 15, 16, 15, 16, 15, 16, 15, 16, 15, 16, 15, 16, 15, 16, 17, 15, 16, 15, 16, 15, 16, 17, 15, 16, 15, 16, 15, 16, 15, 16, 15, 16, 15, 16, 15, 16, 15, 16, 15, 16, 15, 16, 17, 15, 16, 17, 15, 16, 15, 16, 15, 16, 15, 16, 15, 16, 15, 16, 15, 16, 15, 16, 15, 16, 15, 16, 15, 16, 17, 15, 16, 17, 15, 18, 19, 20, 21, 20, 21, 20, 21, 20, 21, 20, 21, 20, 21, 20, 21, 20, 21, 20, 21, 20, 21, 20, 21, 20, 21, 20, 21, 20, 21, 20, 21, 20, 21, 20, 21, 20, 21, 20, 21, 20, 21, 20, 21, 20, 21, 20, 21, 20, 21, 20, 21, 20, 21, 20, 21, 20, 22]",False,0.2452697967764541
HumanEval/37,sort_even,"[5, 8, -12, 4, 23, 2, 3, 11, 12, -10]","[14, 15, 16, 17, 18, 19, 18, 19, 18, 19, 18, 19, 20, 22]","[14, 15, 16, 17, 18, 19, 18, 19, 18, 19, 18, 19, 18, 19, 18, 20, 22]",False,0.9024390243902439
HumanEval/39,prime_fib,3,"[19, 28, 29, 30, 31, 22, 23, 29, 30, 31, 22, 24, 27, 32, 33, 29, 30, 31, 22, 24, 27, 32, 33, 29, 30, 31, 22, 24, 25, 25, 27, 32, 33, 34]","[19, 21, 28, 29, 30, 31, 22, 23, 33, 29, 30, 31, 22, 24, 27, 32, 33, 29, 30, 31, 22, 24, 27, 32, 33, 29, 30, 31, 22, 24, 25, 24, 27, 32, 33, 34]",False,0.967741935483871
HumanEval/4,mean_absolute_deviation,"([1.0, 2.0, 3.0, 4.0],)","[15, 16]","[15, 16, 16, 16, 16, 16, 16]",False,0.42857142857142855
HumanEval/40,triples_sum_to_zero,"[1, 3, 5, -1]","[22, 23, 24, 25, 24, 25, 23, 24, 25, 22, 23, 24, 25, 22, 23, 27]","[22, 23, 24, 25, 24, 25, 24, 23, 24, 25, 24, 23, 24, 23, 22, 23, 24, 25, 24, 23, 24, 23, 22, 23, 24, 23, 22, 23, 22, 27]",False,0.6939890710382514
HumanEval/41,car_race_collision,"(4,)",[17],[17],True,1.0
HumanEval/42,incr_list,"([],)",[12],"[12, 12]",False,0.6363636363636364
HumanEval/43,pairs_sum_to_zero,[1],"[21, 22, 25]","[21, 22, 21, 25]",False,0.8518518518518519
HumanEval/44,change_base,"8, 3","[16, 17, 18, 19, 17, 18, 19, 17, 20]","[16, 17, 18, 19, 17, 18, 19, 17, 20]",True,1.0
HumanEval/45,triangle_area,"(5, 3)","[4, 10]",[10],False,0.7
HumanEval/46,fib4,8,"[20, 21, 24, 25, 26, 24, 25, 26, 24, 25, 26, 24, 25, 26, 24, 25, 26, 28]","[20, 21, 24, 25, 26, 24, 25, 26, 24, 25, 26, 24, 25, 26, 24, 25, 26, 24, 28]",False,0.9727891156462585
HumanEval/47,median,"[6, 5]","[12, 13, 15, 16]","[12, 13, 16]",False,0.8518518518518519
HumanEval/48,is_palindrome,"('xywzx',)","[17, 18, 17, 18, 19]","[17, 18, 17, 18, 19]",True,1.0
HumanEval/49,modp,"30, 5","[18, 19, 20, 19, 20, 19, 20, 19, 20, 19, 20, 19, 20, 19, 20, 19, 20, 19, 20, 19, 20, 19, 20, 19, 20, 19, 20, 19, 20, 19, 20, 19, 20, 19, 20, 19, 20, 19, 20, 19, 20, 19, 20, 19, 20, 19, 20, 19, 20, 19, 20, 19, 20, 19, 20, 19, 20, 19, 21]","[18, 19, 20, 19, 20, 19, 20, 19, 20, 19, 20, 19, 20, 19, 20, 19, 20, 19, 20, 19, 20, 19, 20, 19, 20, 19, 20, 19, 20, 19, 20, 19, 20, 19, 20, 19, 20, 19, 20, 19, 20, 19, 20, 19, 20, 19, 20, 19, 20, 19, 20, 19, 20, 19, 20, 19, 20, 19, 20, 19, 20, 19, 21]",False,0.9671457905544147
HumanEval/5,intersperse,"[2, 2, 2], 2","[13, 16, 18, 19, 20, 18, 19, 20, 18, 22, 24]","[13, 16, 18, 19, 20, 18, 19, 20, 18, 22, 24]",True,1.0
HumanEval/51,remove_vowels,"('ybcd',)",[23],"[23, 23, 23, 23, 23, 23]",False,0.25925925925925924
HumanEval/52,below_threshold,"([1, 20, 4, 10], 22)","[12, 13, 12, 13, 12, 13, 12, 13, 15]","[12, 13, 12, 13, 12, 13, 12, 13, 12, 15]",False,0.9466666666666667
HumanEval/53,add,"(2, 3)",[12],[12],True,1.0
HumanEval/54,same_chars,"('abcd', 'dddddddabc')",[21],[21],True,1.0
HumanEval/55,fib,"(10,)","[14, 16, 18, 14, 16, 18, 14, 16, 18, 14, 16, 18, 14, 16, 18, 14, 16, 18, 14, 16, 18, 14, 16, 18, 14, 16, 18, 14, 16, 18, 14, 16, 17, 14, 15, 14, 16, 17, 14, 15, 14, 16, 17, 14, 15, 14, 16, 17, 14, 15, 14, 16, 17, 14, 15, 14, 16, 17, 14, 15, 14, 16, 17, 14, 15, 14, 16, 17, 14, 15, 14, 16, 17, 14, 15, 14, 16, 17, 14, 15, 14, 16, 17, 14, 15, 14, 16, 17, 14, 15]","[14, 16, 18, 14, 16, 18, 14, 16, 18, 14, 16, 18, 14, 16, 18, 14, 16, 18, 14, 16, 18, 14, 16, 18, 14, 16, 18, 14, 16, 17, 14, 15, 14, 16, 17, 14, 16, 18, 14, 16, 17, 14, 15, 14, 16, 18, 14, 16, 18, 14, 16, 17, 14, 15, 14, 16, 17, 14, 16, 18, 14, 16, 18, 14, 16, 18, 14, 16, 17, 14, 15, 14, 16, 17, 14, 16, 18, 14, 16, 17, 14, 15, 14, 16, 18, 14, 16, 18, 14, 16, 18, 14, 16, 18, 14, 16, 17, 14, 15, 14, 16, 17, 14, 16, 18, 14, 16, 17, 14, 15, 14, 16, 18, 14, 16, 18, 14, 16, 17, 14, 15, 14, 16, 17, 14, 16, 18, 14, 16, 18, 14, 16, 18, 14, 16, 18, 14, 16, 18, 14, 16, 17, 14, 15, 14, 16, 17, 14, 16, 18, 14, 16, 17, 14, 15, 14, 16, 18, 14, 16, 18, 14, 16, 17, 14, 15, 14, 16, 17, 14, 16, 18, 14, 16, 18, 14, 16, 18, 14, 16, 17, 14, 15, 14, 16, 17, 14, 16, 18, 14, 16, 17, 14, 15, 14, 16, 18, 14, 16, 18, 14, 16, 18, 14, 16, 18, 14, 16, 18, 14, 16, 18, 14, 16, 17, 14, 15, 14, 16, 17, 14, 16, 18, 14, 16, 17, 14, 15, 14, 16, 18, 14, 16, 18, 14, 16, 17, 14, 15, 14, 16, 17, 14, 16, 18, 14, 16, 18, 14, 16, 18, 14, 16, 17, 14, 15, 14, 16, 17, 14, 16, 18, 14, 16, 17, 14, 15, 14, 16, 18, 14, 16, 18, 14, 16, 18, 14, 16, 18, 14, 16, 17, 14, 15, 14, 16, 17, 14, 16, 18, 14, 16, 17, 14, 15, 14, 16, 18, 14, 16, 18, 14, 16, 17, 14, 15, 14, 16, 17, 14, 16, 18, 14, 16, 18, 14, 16, 18, 14, 16, 18, 14, 16, 18, 14, 16, 18, 14, 16, 18, 14, 16, 17, 14, 15, 14, 16, 17, 14, 16, 18, 14, 16, 17, 14, 15, 14, 16, 18, 14, 16, 18, 14, 16, 17, 14, 15, 14, 16, 17, 14, 16, 18, 14, 16, 18, 14, 16, 18, 14, 16, 17, 14, 15, 14, 16, 17, 14, 16, 18, 14, 16, 17, 14, 15, 14, 16, 18, 14, 16, 18, 14, 16, 18, 14, 16, 18, 14, 16, 17, 14, 15, 14, 16, 17, 14, 16, 18, 14, 16, 17, 14, 15, 14, 16, 18, 14, 16, 18, 14, 16, 17, 14, 15, 14, 16, 17, 14, 16, 18, 14, 16, 18, 14, 16, 18, 14, 16, 18, 14, 16, 18, 14, 16, 17, 14, 15, 14, 16, 17, 14, 16, 18, 14, 16, 17, 14, 15, 14, 16, 18, 14, 16, 18, 14, 16, 17, 14, 15, 14, 16, 17, 14, 16, 18, 14, 16, 18, 14, 16, 18, 14, 16, 17, 14, 15, 14, 16, 17, 14, 16, 18, 14, 16, 17, 14, 15]",False,0.11844908393694077
HumanEval/56,correct_bracketing,"""><<>""","[18, 19, 20, 23, 24, 25]","[18, 19, 20, 23, 24, 25]",True,1.0
HumanEval/57,monotonic,"([9, 9, 9, 9],)","[14, 15]","[14, 15]",True,1.0
HumanEval/58,common,"[4, 3, 2, 8], []","[13, 14, 14, 14, 14, 18]","[13, 14, 15, 14, 15, 14, 15, 14, 15, 14, 18]",False,0.6865671641791045
HumanEval/59,largest_prime_factor,15,"[19, 20, 21, 13, 15, 18, 20, 21, 13, 15, 18, 22, 20, 21, 13, 15, 16, 15, 16, 18, 22, 20, 23]","[12, 19, 20, 21, 20, 21, 13, 15, 18, 22, 20, 21, 20, 21, 13, 15, 16, 15, 16, 15, 18, 22, 20, 21, 20, 21, 20, 21, 20, 21, 20, 21, 20, 21, 20, 21, 20, 21, 20, 21, 20, 21, 13, 15, 16, 15, 16, 17, 20, 23]",False,0.5463917525773195
HumanEval/6,parse_nested_parens,"('(()(())((())))',)","[26, 15, 16, 17, 18, 19, 20, 17, 18, 19, 20, 17, 18, 19, 20, 17, 18, 21, 22, 17, 18, 19, 20, 17, 18, 19, 20, 17, 18, 21, 22, 17, 18, 21, 22, 17, 18, 19, 20, 17, 18, 19, 20, 17, 18, 19, 20, 17, 18, 21, 22, 17, 18, 21, 22, 17, 18, 21, 22, 17, 24, 26]","[14, 26, 26, 15, 16, 17, 18, 19, 20, 17, 18, 19, 20, 17, 18, 22, 17, 18, 19, 20, 17, 18, 19, 20, 17, 18, 22, 17, 18, 22, 17, 18, 19, 20, 17, 18, 19, 20, 17, 18, 19, 20, 17, 18, 22, 17, 18, 22, 17, 18, 22, 17, 18, 22, 17, 24, 26]",False,0.029473684210526315
HumanEval/60,sum_to_n,"(100,)",[18],[18],True,1.0
HumanEval/61,correct_bracketing,"""(""","[18, 19, 20, 21, 19, 26]","[18, 19, 20, 21, 24, 19, 26]",False,0.9215686274509803
HumanEval/62,derivative,"([1],)",[14],"[14, 14, 14]",False,0.4666666666666667
HumanEval/63,fibfib,1,"[19, 21, 22]","[19, 21, 22]",True,1.0
HumanEval/64,vowels_count,"""ACEDY""","[20, 21, 22, 23, 24]","[20, 21, 21, 21, 21, 21, 21, 21, 22, 23, 24]",False,0.6190476190476191
HumanEval/65,circular_shift,"100, 2","[13, 14, 17]","[13, 14, 17]",True,1.0
HumanEval/66,digitSum,"('',)",[17],[17],True,1.0
HumanEval/67,fruit_distribution,"""5 apples and 6 oranges"",21","[17, 18, 19, 20, 18, 19, 18, 19, 18, 19, 20, 18, 19, 18, 21]","[17, 18, 19, 20, 18, 19, 18, 19, 18, 19, 20, 18, 19, 18, 21]",True,1.0
HumanEval/68,pluck,"[1, 2, 3, 0, 5, 3]","[38, 39, 40, 41]","[38, 39, 39, 39, 39, 39, 39, 39, 40, 41]",False,0.5636363636363636
HumanEval/69,search,[10],"[15, 16, 17, 19, 20, 21, 20, 21, 20, 21, 20, 21, 20, 21, 20, 21, 20, 21, 20, 21, 20, 21, 24]","[15, 16, 17, 16, 19, 20, 21, 20, 21, 20, 21, 20, 21, 20, 21, 20, 21, 20, 21, 20, 21, 20, 21, 20, 21, 20, 24]",False,0.9195979899497487
HumanEval/7,filter_by_substring,"(['xxx', 'asd', 'aaaxxy', 'john doe', 'xxxAAA', 'xxx'], 'xx')","[13, 13, 13, 13, 13, 13, 13]","[13, 13, 13, 13, 13, 13, 13, 13]",False,0.9322033898305084
HumanEval/70,strange_sort_list,"[5, 6, 7, 8, 9, 1]","[15, 16, 17, 18, 19, 16, 17, 18, 19, 16, 17, 18, 19, 16, 17, 18, 19, 16, 17, 18, 19, 16, 17, 18, 19, 16, 20]","[15, 16, 17, 18, 19, 16, 17, 18, 19, 16, 17, 18, 19, 16, 17, 18, 19, 16, 17, 18, 19, 16, 17, 18, 19, 16, 20]",True,1.0
HumanEval/71,triangle_area,"2, 2, 2","[15, 17, 18, 19, 20]","[15, 17, 18, 19, 20]",True,1.0
HumanEval/72,will_it_fly,"[3, 2, 3], 9","[22, 25, 26, 27, 29, 30, 26, 31]","[22, 25, 26, 27, 29, 30, 26, 31]",True,1.0
HumanEval/73,smallest_change,"[1, 4, 2]","[15, 16, 17, 18, 16, 19]","[15, 16, 17, 18, 16, 19]",True,1.0
HumanEval/74,total_match,"[], []","[18, 19, 22, 23, 26, 27]","[18, 19, 22, 23, 26, 27]",True,1.0
HumanEval/75,is_multiply_prime,8,"[18, 19, 13, 16, 20, 21, 13, 16, 22, 23, 13, 16, 24]","[12, 18, 19, 13, 16, 20, 21, 13, 16, 22, 23, 13, 16, 24]",False,0.9626168224299065
HumanEval/76,is_simple_power,"9, 3","[16, 18, 19, 20, 19, 20, 19, 21]","[16, 18, 19, 20, 19, 20, 19, 21]",True,1.0
HumanEval/77,iscube,"(1729,)","[17, 18]","[17, 18]",True,1.0
HumanEval/78,hex_key,"""2020""","[22, 23, 24, 25, 26, 24, 25, 24, 25, 26, 24, 25, 24, 27]","[22, 23, 24, 25, 26, 24, 25, 24, 25, 26, 24, 25, 24, 27]",True,1.0
HumanEval/79,decimal_to_binary,"(15,)",[16],[16],True,1.0
HumanEval/8,sum_product,"[3, 5, 7]","[14, 15, 17, 18, 19, 17, 18, 19, 17, 18, 19, 17, 20]","[14, 15, 17, 18, 19, 17, 18, 19, 17, 18, 19, 17, 20]",True,1.0
HumanEval/80,is_happy,"""iopaxioi""","[16, 19, 21, 19, 21, 19, 21, 19, 21, 19, 21, 19, 21, 22]","[16, 19, 21, 19, 21, 19, 21, 19, 21, 19, 21, 19, 21, 22]",True,1.0
HumanEval/81,numerical_letter_grade,[0.0],"[31, 32, 33, 35, 37, 39, 41, 43, 45, 47, 49, 51, 53, 55, 57, 58, 59]","[31, 32, 33, 35, 37, 39, 41, 43, 45, 47, 49, 51, 53, 55, 58, 32, 59]",False,0.9777777777777777
HumanEval/82,prime_length,'',"[13, 14, 15]","[13, 14, 15]",True,1.0
HumanEval/83,starts_one_ends,"(3,)","[8, 10]","[9, 10]",False,0.9230769230769231
HumanEval/84,solve,"(963,)",[18],"[18, 18, 18, 18, 18]",False,0.30434782608695654
HumanEval/85,add,"([4, 5, 6, 7, 2, 122],)",[11],"[11, 11, 11, 11, 11]",False,0.30434782608695654
HumanEval/86,anti_shuffle,"('Hi',)",[17],"[17, 17, 17]",False,0.4666666666666667
HumanEval/87,get_row,"([[1, 2, 3, 4, 5, 6], [1, 2, 3, 4, 1, 6], [1, 2, 3, 4, 5, 1]], 1)","[24, 25]","[24, 24, 24, 24, 24, 24, 24, 24, 24, 24, 24, 24, 24, 24, 24, 24, 24, 24, 24, 24, 24, 24, 24, 25, 25, 25, 25, 25, 25, 25, 25, 25, 25, 25]",False,0.1048951048951049
HumanEval/88,sort_array,"([21, 14, 23, 11],)",[19],[19],True,1.0
HumanEval/89,encrypt,'gf',"[15, 16, 17, 18, 19, 17, 18, 19, 17, 22]","[15, 16, 17, 18, 19, 17, 18, 19, 17, 22]",True,1.0
HumanEval/9,rolling_max,[],"[12, 13, 15, 23]","[12, 13, 15, 23]",True,1.0
HumanEval/90,next_smallest,"([1, 2, 3, 4, 5],)","[15, 16]","[15, 16]",True,1.0
HumanEval/91,is_bored,"('You and I are going for a walk',)","[16, 17, 18]","[16, 17, 18, 18, 18]",False,0.7419354838709677
HumanEval/92,any_int,"(None, 6, 2)","[23, 27]","[23, 27]",True,1.0
HumanEval/93,encode,"""I DoNt KnOw WhAt tO WrItE""","[18, 19, 20, 21]","[18, 19, 19, 19, 19, 19, 19, 19, 19, 19, 19, 19, 19, 20, 21, 21, 21, 21, 21, 21, 21, 21, 21, 21, 21, 21, 21, 21, 21, 21, 21, 21, 21, 21, 21, 21, 21, 21, 21, 21, 21]",False,0.17318435754189945
HumanEval/94,skjkasdkd,"[127, 97, 8192]","[23, 24, 25, 26, 18, 19, 20, 18, 19, 20, 18, 19, 20, 18, 19, 20, 18, 19, 20, 18, 19, 20, 18, 19, 20, 18, 19, 20, 18, 19, 20, 18, 19, 20, 18, 19, 20, 22, 27, 28, 25, 26, 28, 25, 26, 18, 19, 20, 28, 29, 30]","[17, 23, 24, 25, 26, 18, 19, 18, 19, 18, 19, 18, 19, 18, 19, 18, 19, 18, 19, 18, 19, 18, 19, 18, 19, 18, 22, 27, 28, 25, 26, 28, 25, 26, 18, 19, 20, 28, 25, 29, 29, 29, 29, 29, 30]",False,0.04177545691906005
HumanEval/95,check_dict_case,"{""p"":""pineapple"", 5:""banana"", ""a"":""apple""}","[16, 18, 19, 20, 22, 25, 26, 29, 20, 22, 23, 24, 37]","[16, 19, 20, 22, 25, 26, 28, 29, 20, 22, 23, 24, 37]",False,0.9223300970873787
HumanEval/96,count_up_to,18,"[15, 16, 17, 18, 22, 23, 16, 17, 18, 19, 22, 23, 16, 17, 18, 19, 20, 21, 16, 17, 18, 19, 22, 23, 16, 17, 18, 19, 20, 21, 16, 17, 18, 19, 22, 23, 16, 17, 18, 19, 20, 21, 16, 17, 18, 19, 22, 23, 16, 17, 18, 19, 20, 21, 16, 17, 18, 19, 22, 23, 16, 17, 18, 19, 20, 21, 16, 17, 18, 19, 20, 21, 16, 17, 18, 19, 22, 23, 16, 17, 18, 19, 20, 21, 16, 17, 18, 19, 20, 21, 16, 17, 18, 19, 20, 21, 16, 17, 18, 19, 22, 23, 16, 17, 18, 19, 20, 21, 16, 17, 18, 19, 20, 21, 16, 24]","[15, 16, 17, 18, 22, 23, 16, 17, 18, 19, 18, 22, 23, 16, 17, 18, 19, 20, 21, 22, 16, 17, 18, 19, 18, 19, 18, 19, 18, 22, 23, 16, 17, 18, 19, 20, 21, 22, 16, 17, 18, 19, 18, 19, 18, 19, 18, 19, 18, 19, 18, 22, 23, 16, 17, 18, 19, 20, 21, 22, 16, 17, 18, 19, 18, 19, 20, 21, 22, 16, 17, 18, 19, 20, 21, 22, 16, 17, 18, 19, 18, 19, 18, 19, 18, 19, 18, 19, 18, 19, 18, 19, 18, 19, 18, 19, 18, 22, 23, 16, 17, 18, 19, 20, 21, 22, 16, 17, 18, 19, 18, 19, 18, 19, 18, 19, 18, 19, 18, 19, 18, 19, 18, 19, 18, 19, 18, 19, 18, 19, 18, 22, 23, 16, 17, 18, 19, 20, 21, 22, 16, 17, 18, 19, 18, 19, 20, 21, 22, 16, 17, 18, 19, 20, 21, 22, 16, 17, 18, 19, 18, 19, 18, 19, 18, 19, 18, 19, 18, 19, 18, 19, 18, 19, 18, 19, 18, 19, 18, 19, 18, 19, 18, 19, 18, 19, 18, 19, 18, 22, 23, 16, 24]",False,0.36923076923076925
HumanEval/97,multiply,"(76, 67)",[14],[14],True,1.0
HumanEval/98,count_upper,'aBCdEf',"[13, 14, 15, 14, 15, 14, 15, 16, 14, 17]","[13, 14, 15, 14, 15, 14, 15, 16, 14, 17]",True,1.0
HumanEval/99,closest_integer,"""0""","[22, 24, 29, 30, 35, 36, 40]","[22, 24, 29, 30, 35, 36, 40]",True,1.0
